model,fold,origin,date,horizon_step,y_true,y_pred,error
naive,1,2023-01-05,2023-01-06,1,1140.0,1185.0,-45.0
naive,1,2023-01-05,2023-01-07,2,902.0,1185.0,-283.0
naive,1,2023-01-05,2023-01-08,3,-2416.540000000008,1185.0,-3601.540000000008
naive,1,2023-01-05,2023-01-09,4,615.0,1185.0,-570.0
naive,1,2023-01-05,2023-01-10,5,1426.2900000000081,1185.0,241.29000000000815
naive,1,2023-01-05,2023-01-11,6,650.0,1185.0,-535.0
naive,1,2023-01-05,2023-01-12,7,626.0,1185.0,-559.0
naive,1,2023-01-05,2023-01-13,8,1190.0,1185.0,5.0
naive,1,2023-01-05,2023-01-14,9,1089.0,1185.0,-96.0
naive,1,2023-01-05,2023-01-15,10,-8177.5199999999895,1185.0,-9362.51999999999
naive,1,2023-01-05,2023-01-16,11,1620.0899999999965,1185.0,435.0899999999965
naive,1,2023-01-05,2023-01-17,12,712.0,1185.0,-473.0
naive,1,2023-01-05,2023-01-18,13,783.0,1185.0,-402.0
naive,1,2023-01-05,2023-01-19,14,436.0,1185.0,-749.0
naive,1,2023-01-05,2023-01-20,15,1098.0,1185.0,-87.0
naive,1,2023-01-05,2023-01-21,16,1118.0,1185.0,-67.0
naive,1,2023-01-05,2023-01-22,17,-1363.0200000000186,1185.0,-2548.0200000000186
naive,1,2023-01-05,2023-01-23,18,485.0,1185.0,-700.0
naive,1,2023-01-05,2023-01-24,19,1033.0,1185.0,-152.0
naive,1,2023-01-05,2023-01-25,20,1158.0,1185.0,-27.0
naive,1,2023-01-05,2023-01-26,21,775.0,1185.0,-410.0
naive,1,2023-01-05,2023-01-27,22,700.0,1185.0,-485.0
naive,1,2023-01-05,2023-01-28,23,1277.1500000000233,1185.0,92.15000000002328
naive,1,2023-01-05,2023-01-29,24,1060.0,1185.0,-125.0
naive,1,2023-01-05,2023-01-30,25,345.0,1185.0,-840.0
naive,1,2023-01-05,2023-01-31,26,704.0,1185.0,-481.0
naive,1,2023-01-05,2023-02-01,27,777.0,1185.0,-408.0
naive,1,2023-01-05,2023-02-02,28,831.0,1185.0,-354.0
naive,1,2023-01-05,2023-02-03,29,741.0,1185.0,-444.0
naive,1,2023-01-05,2023-02-04,30,995.0,1185.0,-190.0
naive,1,2023-01-05,2023-02-05,31,803.0,1185.0,-382.0
naive,1,2023-01-05,2023-02-06,32,878.0,1185.0,-307.0
naive,1,2023-01-05,2023-02-07,33,1052.0,1185.0,-133.0
naive,1,2023-01-05,2023-02-08,34,-2139.9400000000023,1185.0,-3324.9400000000023
naive,1,2023-01-05,2023-02-09,35,844.0,1185.0,-341.0
naive,1,2023-01-05,2023-02-10,36,1149.0,1185.0,-36.0
naive,1,2023-01-05,2023-02-11,37,803.0,1185.0,-382.0
naive,1,2023-01-05,2023-02-12,38,505.0,1185.0,-680.0
naive,1,2023-01-05,2023-02-13,39,1090.0,1185.0,-95.0
naive,1,2023-01-05,2023-02-14,40,-7873.0,1185.0,-9058.0
naive,1,2023-01-05,2023-02-15,41,-7619.630000000005,1185.0,-8804.630000000005
naive,1,2023-01-05,2023-02-16,42,1343.2699999999895,1185.0,158.26999999998952
naive,1,2023-01-05,2023-02-17,43,660.0,1185.0,-525.0
naive,1,2023-01-05,2023-02-18,44,1184.0,1185.0,-1.0
naive,1,2023-01-05,2023-02-19,45,803.0,1185.0,-382.0
naive,1,2023-01-05,2023-02-20,46,709.0,1185.0,-476.0
naive,1,2023-01-05,2023-02-21,47,1029.0,1185.0,-156.0
naive,1,2023-01-05,2023-02-22,48,-994.9599999999919,1185.0,-2179.959999999992
naive,1,2023-01-05,2023-02-23,49,1002.0,1185.0,-183.0
naive,1,2023-01-05,2023-02-24,50,915.0,1185.0,-270.0
naive,1,2023-01-05,2023-02-25,51,714.0,1185.0,-471.0
naive,1,2023-01-05,2023-02-26,52,960.0,1185.0,-225.0
naive,1,2023-01-05,2023-02-27,53,1023.0,1185.0,-162.0
naive,1,2023-01-05,2023-02-28,54,615.0,1185.0,-570.0
naive,1,2023-01-05,2023-03-01,55,691.0,1185.0,-494.0
naive,1,2023-01-05,2023-03-02,56,682.0,1185.0,-503.0
naive,1,2023-01-05,2023-03-03,57,410.0,1185.0,-775.0
naive,1,2023-01-05,2023-03-04,58,1654.3899999999849,1185.0,469.38999999998487
naive,1,2023-01-05,2023-03-05,59,599.0,1185.0,-586.0
naive,1,2023-01-05,2023-03-06,60,745.0,1185.0,-440.0
naive,1,2023-01-05,2023-03-07,61,795.0,1185.0,-390.0
naive,1,2023-01-05,2023-03-08,62,-1790.7399999999907,1185.0,-2975.7399999999907
naive,1,2023-01-05,2023-03-09,63,510.0,1185.0,-675.0
naive,1,2023-01-05,2023-03-10,64,570.0,1185.0,-615.0
naive,1,2023-01-05,2023-03-11,65,755.0,1185.0,-430.0
naive,1,2023-01-05,2023-03-12,66,532.0,1185.0,-653.0
naive,1,2023-01-05,2023-03-13,67,7.0,1185.0,-1178.0
naive,1,2023-01-05,2023-03-14,68,491.0,1185.0,-694.0
naive,1,2023-01-05,2023-03-15,69,-7485.299999999988,1185.0,-8670.299999999988
naive,1,2023-01-05,2023-03-16,70,32.0,1185.0,-1153.0
naive,1,2023-01-05,2023-03-17,71,211.0,1185.0,-974.0
naive,1,2023-01-05,2023-03-18,72,581.0,1185.0,-604.0
naive,1,2023-01-05,2023-03-19,73,400.0,1185.0,-785.0
naive,1,2023-01-05,2023-03-20,74,454.0,1185.0,-731.0
naive,1,2023-01-05,2023-03-21,75,798.0,1185.0,-387.0
naive,1,2023-01-05,2023-03-22,76,-821.1600000000035,1185.0,-2006.1600000000035
naive,1,2023-01-05,2023-03-23,77,322.0,1185.0,-863.0
naive,1,2023-01-05,2023-03-24,78,424.0,1185.0,-761.0
naive,1,2023-01-05,2023-03-25,79,693.0,1185.0,-492.0
naive,1,2023-01-05,2023-03-26,80,609.0,1185.0,-576.0
naive,1,2023-01-05,2023-03-27,81,746.0,1185.0,-439.0
naive,1,2023-01-05,2023-03-28,82,763.0,1185.0,-422.0
naive,1,2023-01-05,2023-03-29,83,302.0,1185.0,-883.0
naive,1,2023-01-05,2023-03-30,84,1184.3800000000047,1185.0,-0.6199999999953434
naive,1,2023-01-05,2023-03-31,85,1586.5,1185.0,401.5
naive,1,2023-01-05,2023-04-01,86,549.0,1185.0,-636.0
naive,1,2023-01-05,2023-04-02,87,769.0,1185.0,-416.0
naive,1,2023-01-05,2023-04-03,88,736.0,1185.0,-449.0
naive,1,2023-01-05,2023-04-04,89,576.0,1185.0,-609.0
naive,1,2023-01-05,2023-04-05,90,453.0,1185.0,-732.0
naive,2,2023-04-05,2023-04-06,1,726.0,453.0,273.0
naive,2,2023-04-05,2023-04-07,2,540.0,453.0,87.0
naive,2,2023-04-05,2023-04-08,3,-1442.8500000000058,453.0,-1895.8500000000058
naive,2,2023-04-05,2023-04-09,4,717.0,453.0,264.0
naive,2,2023-04-05,2023-04-10,5,684.0,453.0,231.0
naive,2,2023-04-05,2023-04-11,6,685.0,453.0,232.0
naive,2,2023-04-05,2023-04-12,7,241.0,453.0,-212.0
naive,2,2023-04-05,2023-04-13,8,574.0,453.0,121.0
naive,2,2023-04-05,2023-04-14,9,512.0,453.0,59.0
naive,2,2023-04-05,2023-04-15,10,-7489.799999999988,453.0,-7942.799999999988
naive,2,2023-04-05,2023-04-16,11,377.0,453.0,-76.0
naive,2,2023-04-05,2023-04-17,12,49.0,453.0,-404.0
naive,2,2023-04-05,2023-04-18,13,765.0,453.0,312.0
naive,2,2023-04-05,2023-04-19,14,486.0,453.0,33.0
naive,2,2023-04-05,2023-04-20,15,687.0,453.0,234.0
naive,2,2023-04-05,2023-04-21,16,748.0,453.0,295.0
naive,2,2023-04-05,2023-04-22,17,-768.5600000000268,453.0,-1221.5600000000268
naive,2,2023-04-05,2023-04-23,18,501.0,453.0,48.0
naive,2,2023-04-05,2023-04-24,19,331.0,453.0,-122.0
naive,2,2023-04-05,2023-04-25,20,450.0,453.0,-3.0
naive,2,2023-04-05,2023-04-26,21,468.0,453.0,15.0
naive,2,2023-04-05,2023-04-27,22,799.0,453.0,346.0
naive,2,2023-04-05,2023-04-28,23,67.0,453.0,-386.0
naive,2,2023-04-05,2023-04-29,24,406.0,453.0,-47.0
naive,2,2023-04-05,2023-04-30,25,560.0,453.0,107.0
naive,2,2023-04-05,2023-05-01,26,411.0,453.0,-42.0
naive,2,2023-04-05,2023-05-02,27,587.0,453.0,134.0
naive,2,2023-04-05,2023-05-03,28,784.0,453.0,331.0
naive,2,2023-04-05,2023-05-04,29,410.0,453.0,-43.0
naive,2,2023-04-05,2023-05-05,30,1649.5299999999988,453.0,1196.5299999999988
naive,2,2023-04-05,2023-05-06,31,518.0,453.0,65.0
naive,2,2023-04-05,2023-05-07,32,660.0,453.0,207.0
naive,2,2023-04-05,2023-05-08,33,-1512.0799999999872,453.0,-1965.0799999999872
naive,2,2023-04-05,2023-05-09,34,625.0,453.0,172.0
naive,2,2023-04-05,2023-05-10,35,754.0,453.0,301.0
naive,2,2023-04-05,2023-05-11,36,741.0,453.0,288.0
naive,2,2023-04-05,2023-05-12,37,480.0,453.0,27.0
naive,2,2023-04-05,2023-05-13,38,519.0,453.0,66.0
naive,2,2023-04-05,2023-05-14,39,614.0,453.0,161.0
naive,2,2023-04-05,2023-05-15,40,-7686.940000000002,453.0,-8139.940000000002
naive,2,2023-04-05,2023-05-16,41,608.0,453.0,155.0
naive,2,2023-04-05,2023-05-17,42,439.0,453.0,-14.0
naive,2,2023-04-05,2023-05-18,43,680.0,453.0,227.0
naive,2,2023-04-05,2023-05-19,44,645.0,453.0,192.0
naive,2,2023-04-05,2023-05-20,45,275.0,453.0,-178.0
naive,2,2023-04-05,2023-05-21,46,497.0,453.0,44.0
naive,2,2023-04-05,2023-05-22,47,-213.04000000000815,453.0,-666.0400000000081
naive,2,2023-04-05,2023-05-23,48,72.0,453.0,-381.0
naive,2,2023-04-05,2023-05-24,49,433.0,453.0,-20.0
naive,2,2023-04-05,2023-05-25,50,552.0,453.0,99.0
naive,2,2023-04-05,2023-05-26,51,475.0,453.0,22.0
naive,2,2023-04-05,2023-05-27,52,2183.7700000000186,453.0,1730.7700000000186
naive,2,2023-04-05,2023-05-28,53,686.0,453.0,233.0
naive,2,2023-04-05,2023-05-29,54,105.0,453.0,-348.0
naive,2,2023-04-05,2023-05-30,55,636.0,453.0,183.0
naive,2,2023-04-05,2023-05-31,56,793.0,453.0,340.0
naive,2,2023-04-05,2023-06-01,57,589.0,453.0,136.0
naive,2,2023-04-05,2023-06-02,58,463.0,453.0,10.0
naive,2,2023-04-05,2023-06-03,59,709.0,453.0,256.0
naive,2,2023-04-05,2023-06-04,60,236.0,453.0,-217.0
naive,2,2023-04-05,2023-06-05,61,428.0,453.0,-25.0
naive,2,2023-04-05,2023-06-06,62,695.0,453.0,242.0
naive,2,2023-04-05,2023-06-07,63,563.0,453.0,110.0
naive,2,2023-04-05,2023-06-08,64,-1410.8699999999953,453.0,-1863.8699999999953
naive,2,2023-04-05,2023-06-09,65,709.0,453.0,256.0
naive,2,2023-04-05,2023-06-10,66,510.0,453.0,57.0
naive,2,2023-04-05,2023-06-11,67,468.0,453.0,15.0
naive,2,2023-04-05,2023-06-12,68,-19098.0,453.0,-19551.0
naive,2,2023-04-05,2023-06-13,69,626.0,453.0,173.0
naive,2,2023-04-05,2023-06-14,70,736.0,453.0,283.0
naive,2,2023-04-05,2023-06-15,71,-7577.370000000024,453.0,-8030.370000000024
naive,2,2023-04-05,2023-06-16,72,356.0,453.0,-97.0
naive,2,2023-04-05,2023-06-17,73,616.0,453.0,163.0
naive,2,2023-04-05,2023-06-18,74,503.0,453.0,50.0
naive,2,2023-04-05,2023-06-19,75,110.0,453.0,-343.0
naive,2,2023-04-05,2023-06-20,76,-379.0,453.0,-832.0
naive,2,2023-04-05,2023-06-21,77,501.0,453.0,48.0
naive,2,2023-04-05,2023-06-22,78,-729.25,453.0,-1182.25
naive,2,2023-04-05,2023-06-23,79,275.0,453.0,-178.0
naive,2,2023-04-05,2023-06-24,80,710.0,453.0,257.0
naive,2,2023-04-05,2023-06-25,81,411.0,453.0,-42.0
naive,2,2023-04-05,2023-06-26,82,615.0,453.0,162.0
naive,2,2023-04-05,2023-06-27,83,548.0,453.0,95.0
naive,2,2023-04-05,2023-06-28,84,773.0,453.0,320.0
naive,2,2023-04-05,2023-06-29,85,599.0,453.0,146.0
naive,2,2023-04-05,2023-06-30,86,488.0,453.0,35.0
naive,2,2023-04-05,2023-07-01,87,558.0,453.0,105.0
naive,2,2023-04-05,2023-07-02,88,864.0,453.0,411.0
naive,2,2023-04-05,2023-07-03,89,235.0,453.0,-218.0
naive,2,2023-04-05,2023-07-04,90,698.0,453.0,245.0
naive,3,2023-07-04,2023-07-05,1,781.0,698.0,83.0
naive,3,2023-07-04,2023-07-06,2,749.0,698.0,51.0
naive,3,2023-07-04,2023-07-07,3,834.0,698.0,136.0
naive,3,2023-07-04,2023-07-08,4,-3991.0,698.0,-4689.0
naive,3,2023-07-04,2023-07-09,5,-1905.2399999999907,698.0,-2603.2399999999907
naive,3,2023-07-04,2023-07-10,6,581.0,698.0,-117.0
naive,3,2023-07-04,2023-07-11,7,871.0,698.0,173.0
naive,3,2023-07-04,2023-07-12,8,901.0,698.0,203.0
naive,3,2023-07-04,2023-07-13,9,344.0,698.0,-354.0
naive,3,2023-07-04,2023-07-14,10,410.0,698.0,-288.0
naive,3,2023-07-04,2023-07-15,11,-7613.690000000002,698.0,-8311.690000000002
naive,3,2023-07-04,2023-07-16,12,973.0,698.0,275.0
naive,3,2023-07-04,2023-07-17,13,863.0,698.0,165.0
naive,3,2023-07-04,2023-07-18,14,875.0,698.0,177.0
naive,3,2023-07-04,2023-07-19,15,848.0,698.0,150.0
naive,3,2023-07-04,2023-07-20,16,-154.0,698.0,-852.0
naive,3,2023-07-04,2023-07-21,17,515.0,698.0,-183.0
naive,3,2023-07-04,2023-07-22,18,-1205.8299999999872,698.0,-1903.8299999999872
naive,3,2023-07-04,2023-07-23,19,810.0,698.0,112.0
naive,3,2023-07-04,2023-07-24,20,-529.0,698.0,-1227.0
naive,3,2023-07-04,2023-07-25,21,640.0,698.0,-58.0
naive,3,2023-07-04,2023-07-26,22,595.0,698.0,-103.0
naive,3,2023-07-04,2023-07-27,23,410.0,698.0,-288.0
naive,3,2023-07-04,2023-07-28,24,641.0,698.0,-57.0
naive,3,2023-07-04,2023-07-29,25,771.0,698.0,73.0
naive,3,2023-07-04,2023-07-30,26,738.0,698.0,40.0
naive,3,2023-07-04,2023-07-31,27,913.0,698.0,215.0
naive,3,2023-07-04,2023-08-01,28,858.0,698.0,160.0
naive,3,2023-07-04,2023-08-02,29,564.0,698.0,-134.0
naive,3,2023-07-04,2023-08-03,30,502.0,698.0,-196.0
naive,3,2023-07-04,2023-08-04,31,875.0,698.0,177.0
naive,3,2023-07-04,2023-08-05,32,823.0,698.0,125.0
naive,3,2023-07-04,2023-08-06,33,500.0,698.0,-198.0
naive,3,2023-07-04,2023-08-07,34,495.0,698.0,-203.0
naive,3,2023-07-04,2023-08-08,35,-1900.0599999999977,698.0,-2598.0599999999977
naive,3,2023-07-04,2023-08-09,36,639.0,698.0,-59.0
naive,3,2023-07-04,2023-08-10,37,792.0,698.0,94.0
naive,3,2023-07-04,2023-08-11,38,926.0,698.0,228.0
naive,3,2023-07-04,2023-08-12,39,794.0,698.0,96.0
naive,3,2023-07-04,2023-08-13,40,801.0,698.0,103.0
naive,3,2023-07-04,2023-08-14,41,561.0,698.0,-137.0
naive,3,2023-07-04,2023-08-15,42,-7791.25,698.0,-8489.25
naive,3,2023-07-04,2023-08-16,43,759.0,698.0,61.0
naive,3,2023-07-04,2023-08-17,44,647.0,698.0,-51.0
naive,3,2023-07-04,2023-08-18,45,809.0,698.0,111.0
naive,3,2023-07-04,2023-08-19,46,786.0,698.0,88.0
naive,3,2023-07-04,2023-08-20,47,-288.0,698.0,-986.0
naive,3,2023-07-04,2023-08-21,48,740.0,698.0,42.0
naive,3,2023-07-04,2023-08-22,49,-254.18000000002212,698.0,-952.1800000000221
naive,3,2023-07-04,2023-08-23,50,3469.310000000027,698.0,2771.310000000027
naive,3,2023-07-04,2023-08-24,51,714.0,698.0,16.0
naive,3,2023-07-04,2023-08-25,52,598.0,698.0,-100.0
naive,3,2023-07-04,2023-08-26,53,463.0,698.0,-235.0
naive,3,2023-07-04,2023-08-27,54,561.0,698.0,-137.0
naive,3,2023-07-04,2023-08-28,55,502.0,698.0,-196.0
naive,3,2023-07-04,2023-08-29,56,985.0,698.0,287.0
naive,3,2023-07-04,2023-08-30,57,880.0,698.0,182.0
naive,3,2023-07-04,2023-08-31,58,828.0,698.0,130.0
naive,3,2023-07-04,2023-09-01,59,852.0,698.0,154.0
naive,3,2023-07-04,2023-09-02,60,586.0,698.0,-112.0
naive,3,2023-07-04,2023-09-03,61,1108.0,698.0,410.0
naive,3,2023-07-04,2023-09-04,62,869.0,698.0,171.0
naive,3,2023-07-04,2023-09-05,63,739.0,698.0,41.0
naive,3,2023-07-04,2023-09-06,64,871.0,698.0,173.0
naive,3,2023-07-04,2023-09-07,65,952.0,698.0,254.0
naive,3,2023-07-04,2023-09-08,66,-2244.5100000000093,698.0,-2942.5100000000093
naive,3,2023-07-04,2023-09-09,67,1152.0,698.0,454.0
naive,3,2023-07-04,2023-09-10,68,813.0,698.0,115.0
naive,3,2023-07-04,2023-09-11,69,437.0,698.0,-261.0
naive,3,2023-07-04,2023-09-12,70,814.0,698.0,116.0
naive,3,2023-07-04,2023-09-13,71,755.0,698.0,57.0
naive,3,2023-07-04,2023-09-14,72,739.0,698.0,41.0
naive,3,2023-07-04,2023-09-15,73,-7747.059999999998,698.0,-8445.059999999998
naive,3,2023-07-04,2023-09-16,74,915.0,698.0,217.0
naive,3,2023-07-04,2023-09-17,75,7425.8399999999965,698.0,6727.8399999999965
naive,3,2023-07-04,2023-09-18,76,758.0,698.0,60.0
naive,3,2023-07-04,2023-09-19,77,868.0,698.0,170.0
naive,3,2023-07-04,2023-09-20,78,744.0,698.0,46.0
naive,3,2023-07-04,2023-09-21,79,615.0,698.0,-83.0
naive,3,2023-07-04,2023-09-22,80,-1373.679999999993,698.0,-2071.679999999993
naive,3,2023-07-04,2023-09-23,81,744.0,698.0,46.0
naive,3,2023-07-04,2023-09-24,82,1198.0,698.0,500.0
naive,3,2023-07-04,2023-09-25,83,663.0,698.0,-35.0
naive,3,2023-07-04,2023-09-26,84,857.0,698.0,159.0
naive,3,2023-07-04,2023-09-27,85,781.0,698.0,83.0
naive,3,2023-07-04,2023-09-28,86,905.0,698.0,207.0
naive,3,2023-07-04,2023-09-29,87,1155.8999999999942,698.0,457.8999999999942
naive,3,2023-07-04,2023-09-30,88,745.0,698.0,47.0
naive,3,2023-07-04,2023-10-01,89,932.0,698.0,234.0
naive,3,2023-07-04,2023-10-02,90,1329.4400000000023,698.0,631.4400000000023
mean,1,2023-01-05,2023-01-06,1,1140.0,335.71967567567566,804.2803243243243
mean,1,2023-01-05,2023-01-07,2,902.0,335.71967567567566,566.2803243243243
mean,1,2023-01-05,2023-01-08,3,-2416.540000000008,335.71967567567566,-2752.259675675684
mean,1,2023-01-05,2023-01-09,4,615.0,335.71967567567566,279.28032432432434
mean,1,2023-01-05,2023-01-10,5,1426.2900000000081,335.71967567567566,1090.5703243243324
mean,1,2023-01-05,2023-01-11,6,650.0,335.71967567567566,314.28032432432434
mean,1,2023-01-05,2023-01-12,7,626.0,335.71967567567566,290.28032432432434
mean,1,2023-01-05,2023-01-13,8,1190.0,335.71967567567566,854.2803243243243
mean,1,2023-01-05,2023-01-14,9,1089.0,335.71967567567566,753.2803243243243
mean,1,2023-01-05,2023-01-15,10,-8177.5199999999895,335.71967567567566,-8513.239675675664
mean,1,2023-01-05,2023-01-16,11,1620.0899999999965,335.71967567567566,1284.3703243243208
mean,1,2023-01-05,2023-01-17,12,712.0,335.71967567567566,376.28032432432434
mean,1,2023-01-05,2023-01-18,13,783.0,335.71967567567566,447.28032432432434
mean,1,2023-01-05,2023-01-19,14,436.0,335.71967567567566,100.28032432432434
mean,1,2023-01-05,2023-01-20,15,1098.0,335.71967567567566,762.2803243243243
mean,1,2023-01-05,2023-01-21,16,1118.0,335.71967567567566,782.2803243243243
mean,1,2023-01-05,2023-01-22,17,-1363.0200000000186,335.71967567567566,-1698.7396756756943
mean,1,2023-01-05,2023-01-23,18,485.0,335.71967567567566,149.28032432432434
mean,1,2023-01-05,2023-01-24,19,1033.0,335.71967567567566,697.2803243243243
mean,1,2023-01-05,2023-01-25,20,1158.0,335.71967567567566,822.2803243243243
mean,1,2023-01-05,2023-01-26,21,775.0,335.71967567567566,439.28032432432434
mean,1,2023-01-05,2023-01-27,22,700.0,335.71967567567566,364.28032432432434
mean,1,2023-01-05,2023-01-28,23,1277.1500000000233,335.71967567567566,941.4303243243476
mean,1,2023-01-05,2023-01-29,24,1060.0,335.71967567567566,724.2803243243243
mean,1,2023-01-05,2023-01-30,25,345.0,335.71967567567566,9.28032432432434
mean,1,2023-01-05,2023-01-31,26,704.0,335.71967567567566,368.28032432432434
mean,1,2023-01-05,2023-02-01,27,777.0,335.71967567567566,441.28032432432434
mean,1,2023-01-05,2023-02-02,28,831.0,335.71967567567566,495.28032432432434
mean,1,2023-01-05,2023-02-03,29,741.0,335.71967567567566,405.28032432432434
mean,1,2023-01-05,2023-02-04,30,995.0,335.71967567567566,659.2803243243243
mean,1,2023-01-05,2023-02-05,31,803.0,335.71967567567566,467.28032432432434
mean,1,2023-01-05,2023-02-06,32,878.0,335.71967567567566,542.2803243243243
mean,1,2023-01-05,2023-02-07,33,1052.0,335.71967567567566,716.2803243243243
mean,1,2023-01-05,2023-02-08,34,-2139.9400000000023,335.71967567567566,-2475.659675675678
mean,1,2023-01-05,2023-02-09,35,844.0,335.71967567567566,508.28032432432434
mean,1,2023-01-05,2023-02-10,36,1149.0,335.71967567567566,813.2803243243243
mean,1,2023-01-05,2023-02-11,37,803.0,335.71967567567566,467.28032432432434
mean,1,2023-01-05,2023-02-12,38,505.0,335.71967567567566,169.28032432432434
mean,1,2023-01-05,2023-02-13,39,1090.0,335.71967567567566,754.2803243243243
mean,1,2023-01-05,2023-02-14,40,-7873.0,335.71967567567566,-8208.719675675675
mean,1,2023-01-05,2023-02-15,41,-7619.630000000005,335.71967567567566,-7955.34967567568
mean,1,2023-01-05,2023-02-16,42,1343.2699999999895,335.71967567567566,1007.5503243243138
mean,1,2023-01-05,2023-02-17,43,660.0,335.71967567567566,324.28032432432434
mean,1,2023-01-05,2023-02-18,44,1184.0,335.71967567567566,848.2803243243243
mean,1,2023-01-05,2023-02-19,45,803.0,335.71967567567566,467.28032432432434
mean,1,2023-01-05,2023-02-20,46,709.0,335.71967567567566,373.28032432432434
mean,1,2023-01-05,2023-02-21,47,1029.0,335.71967567567566,693.2803243243243
mean,1,2023-01-05,2023-02-22,48,-994.9599999999919,335.71967567567566,-1330.6796756756676
mean,1,2023-01-05,2023-02-23,49,1002.0,335.71967567567566,666.2803243243243
mean,1,2023-01-05,2023-02-24,50,915.0,335.71967567567566,579.2803243243243
mean,1,2023-01-05,2023-02-25,51,714.0,335.71967567567566,378.28032432432434
mean,1,2023-01-05,2023-02-26,52,960.0,335.71967567567566,624.2803243243243
mean,1,2023-01-05,2023-02-27,53,1023.0,335.71967567567566,687.2803243243243
mean,1,2023-01-05,2023-02-28,54,615.0,335.71967567567566,279.28032432432434
mean,1,2023-01-05,2023-03-01,55,691.0,335.71967567567566,355.28032432432434
mean,1,2023-01-05,2023-03-02,56,682.0,335.71967567567566,346.28032432432434
mean,1,2023-01-05,2023-03-03,57,410.0,335.71967567567566,74.28032432432434
mean,1,2023-01-05,2023-03-04,58,1654.3899999999849,335.71967567567566,1318.6703243243091
mean,1,2023-01-05,2023-03-05,59,599.0,335.71967567567566,263.28032432432434
mean,1,2023-01-05,2023-03-06,60,745.0,335.71967567567566,409.28032432432434
mean,1,2023-01-05,2023-03-07,61,795.0,335.71967567567566,459.28032432432434
mean,1,2023-01-05,2023-03-08,62,-1790.7399999999907,335.71967567567566,-2126.4596756756664
mean,1,2023-01-05,2023-03-09,63,510.0,335.71967567567566,174.28032432432434
mean,1,2023-01-05,2023-03-10,64,570.0,335.71967567567566,234.28032432432434
mean,1,2023-01-05,2023-03-11,65,755.0,335.71967567567566,419.28032432432434
mean,1,2023-01-05,2023-03-12,66,532.0,335.71967567567566,196.28032432432434
mean,1,2023-01-05,2023-03-13,67,7.0,335.71967567567566,-328.71967567567566
mean,1,2023-01-05,2023-03-14,68,491.0,335.71967567567566,155.28032432432434
mean,1,2023-01-05,2023-03-15,69,-7485.299999999988,335.71967567567566,-7821.019675675664
mean,1,2023-01-05,2023-03-16,70,32.0,335.71967567567566,-303.71967567567566
mean,1,2023-01-05,2023-03-17,71,211.0,335.71967567567566,-124.71967567567566
mean,1,2023-01-05,2023-03-18,72,581.0,335.71967567567566,245.28032432432434
mean,1,2023-01-05,2023-03-19,73,400.0,335.71967567567566,64.28032432432434
mean,1,2023-01-05,2023-03-20,74,454.0,335.71967567567566,118.28032432432434
mean,1,2023-01-05,2023-03-21,75,798.0,335.71967567567566,462.28032432432434
mean,1,2023-01-05,2023-03-22,76,-821.1600000000035,335.71967567567566,-1156.8796756756792
mean,1,2023-01-05,2023-03-23,77,322.0,335.71967567567566,-13.71967567567566
mean,1,2023-01-05,2023-03-24,78,424.0,335.71967567567566,88.28032432432434
mean,1,2023-01-05,2023-03-25,79,693.0,335.71967567567566,357.28032432432434
mean,1,2023-01-05,2023-03-26,80,609.0,335.71967567567566,273.28032432432434
mean,1,2023-01-05,2023-03-27,81,746.0,335.71967567567566,410.28032432432434
mean,1,2023-01-05,2023-03-28,82,763.0,335.71967567567566,427.28032432432434
mean,1,2023-01-05,2023-03-29,83,302.0,335.71967567567566,-33.71967567567566
mean,1,2023-01-05,2023-03-30,84,1184.3800000000047,335.71967567567566,848.6603243243289
mean,1,2023-01-05,2023-03-31,85,1586.5,335.71967567567566,1250.7803243243243
mean,1,2023-01-05,2023-04-01,86,549.0,335.71967567567566,213.28032432432434
mean,1,2023-01-05,2023-04-02,87,769.0,335.71967567567566,433.28032432432434
mean,1,2023-01-05,2023-04-03,88,736.0,335.71967567567566,400.28032432432434
mean,1,2023-01-05,2023-04-04,89,576.0,335.71967567567566,240.28032432432434
mean,1,2023-01-05,2023-04-05,90,453.0,335.71967567567566,117.28032432432434
mean,2,2023-04-05,2023-04-06,1,726.0,318.54900000000004,407.45099999999996
mean,2,2023-04-05,2023-04-07,2,540.0,318.54900000000004,221.45099999999996
mean,2,2023-04-05,2023-04-08,3,-1442.8500000000058,318.54900000000004,-1761.3990000000058
mean,2,2023-04-05,2023-04-09,4,717.0,318.54900000000004,398.45099999999996
mean,2,2023-04-05,2023-04-10,5,684.0,318.54900000000004,365.45099999999996
mean,2,2023-04-05,2023-04-11,6,685.0,318.54900000000004,366.45099999999996
mean,2,2023-04-05,2023-04-12,7,241.0,318.54900000000004,-77.54900000000004
mean,2,2023-04-05,2023-04-13,8,574.0,318.54900000000004,255.45099999999996
mean,2,2023-04-05,2023-04-14,9,512.0,318.54900000000004,193.45099999999996
mean,2,2023-04-05,2023-04-15,10,-7489.799999999988,318.54900000000004,-7808.348999999988
mean,2,2023-04-05,2023-04-16,11,377.0,318.54900000000004,58.450999999999965
mean,2,2023-04-05,2023-04-17,12,49.0,318.54900000000004,-269.54900000000004
mean,2,2023-04-05,2023-04-18,13,765.0,318.54900000000004,446.45099999999996
mean,2,2023-04-05,2023-04-19,14,486.0,318.54900000000004,167.45099999999996
mean,2,2023-04-05,2023-04-20,15,687.0,318.54900000000004,368.45099999999996
mean,2,2023-04-05,2023-04-21,16,748.0,318.54900000000004,429.45099999999996
mean,2,2023-04-05,2023-04-22,17,-768.5600000000268,318.54900000000004,-1087.1090000000268
mean,2,2023-04-05,2023-04-23,18,501.0,318.54900000000004,182.45099999999996
mean,2,2023-04-05,2023-04-24,19,331.0,318.54900000000004,12.450999999999965
mean,2,2023-04-05,2023-04-25,20,450.0,318.54900000000004,131.45099999999996
mean,2,2023-04-05,2023-04-26,21,468.0,318.54900000000004,149.45099999999996
mean,2,2023-04-05,2023-04-27,22,799.0,318.54900000000004,480.45099999999996
mean,2,2023-04-05,2023-04-28,23,67.0,318.54900000000004,-251.54900000000004
mean,2,2023-04-05,2023-04-29,24,406.0,318.54900000000004,87.45099999999996
mean,2,2023-04-05,2023-04-30,25,560.0,318.54900000000004,241.45099999999996
mean,2,2023-04-05,2023-05-01,26,411.0,318.54900000000004,92.45099999999996
mean,2,2023-04-05,2023-05-02,27,587.0,318.54900000000004,268.45099999999996
mean,2,2023-04-05,2023-05-03,28,784.0,318.54900000000004,465.45099999999996
mean,2,2023-04-05,2023-05-04,29,410.0,318.54900000000004,91.45099999999996
mean,2,2023-04-05,2023-05-05,30,1649.5299999999988,318.54900000000004,1330.9809999999989
mean,2,2023-04-05,2023-05-06,31,518.0,318.54900000000004,199.45099999999996
mean,2,2023-04-05,2023-05-07,32,660.0,318.54900000000004,341.45099999999996
mean,2,2023-04-05,2023-05-08,33,-1512.0799999999872,318.54900000000004,-1830.6289999999872
mean,2,2023-04-05,2023-05-09,34,625.0,318.54900000000004,306.45099999999996
mean,2,2023-04-05,2023-05-10,35,754.0,318.54900000000004,435.45099999999996
mean,2,2023-04-05,2023-05-11,36,741.0,318.54900000000004,422.45099999999996
mean,2,2023-04-05,2023-05-12,37,480.0,318.54900000000004,161.45099999999996
mean,2,2023-04-05,2023-05-13,38,519.0,318.54900000000004,200.45099999999996
mean,2,2023-04-05,2023-05-14,39,614.0,318.54900000000004,295.45099999999996
mean,2,2023-04-05,2023-05-15,40,-7686.940000000002,318.54900000000004,-8005.489000000002
mean,2,2023-04-05,2023-05-16,41,608.0,318.54900000000004,289.45099999999996
mean,2,2023-04-05,2023-05-17,42,439.0,318.54900000000004,120.45099999999996
mean,2,2023-04-05,2023-05-18,43,680.0,318.54900000000004,361.45099999999996
mean,2,2023-04-05,2023-05-19,44,645.0,318.54900000000004,326.45099999999996
mean,2,2023-04-05,2023-05-20,45,275.0,318.54900000000004,-43.549000000000035
mean,2,2023-04-05,2023-05-21,46,497.0,318.54900000000004,178.45099999999996
mean,2,2023-04-05,2023-05-22,47,-213.04000000000815,318.54900000000004,-531.5890000000081
mean,2,2023-04-05,2023-05-23,48,72.0,318.54900000000004,-246.54900000000004
mean,2,2023-04-05,2023-05-24,49,433.0,318.54900000000004,114.45099999999996
mean,2,2023-04-05,2023-05-25,50,552.0,318.54900000000004,233.45099999999996
mean,2,2023-04-05,2023-05-26,51,475.0,318.54900000000004,156.45099999999996
mean,2,2023-04-05,2023-05-27,52,2183.7700000000186,318.54900000000004,1865.2210000000186
mean,2,2023-04-05,2023-05-28,53,686.0,318.54900000000004,367.45099999999996
mean,2,2023-04-05,2023-05-29,54,105.0,318.54900000000004,-213.54900000000004
mean,2,2023-04-05,2023-05-30,55,636.0,318.54900000000004,317.45099999999996
mean,2,2023-04-05,2023-05-31,56,793.0,318.54900000000004,474.45099999999996
mean,2,2023-04-05,2023-06-01,57,589.0,318.54900000000004,270.45099999999996
mean,2,2023-04-05,2023-06-02,58,463.0,318.54900000000004,144.45099999999996
mean,2,2023-04-05,2023-06-03,59,709.0,318.54900000000004,390.45099999999996
mean,2,2023-04-05,2023-06-04,60,236.0,318.54900000000004,-82.54900000000004
mean,2,2023-04-05,2023-06-05,61,428.0,318.54900000000004,109.45099999999996
mean,2,2023-04-05,2023-06-06,62,695.0,318.54900000000004,376.45099999999996
mean,2,2023-04-05,2023-06-07,63,563.0,318.54900000000004,244.45099999999996
mean,2,2023-04-05,2023-06-08,64,-1410.8699999999953,318.54900000000004,-1729.4189999999953
mean,2,2023-04-05,2023-06-09,65,709.0,318.54900000000004,390.45099999999996
mean,2,2023-04-05,2023-06-10,66,510.0,318.54900000000004,191.45099999999996
mean,2,2023-04-05,2023-06-11,67,468.0,318.54900000000004,149.45099999999996
mean,2,2023-04-05,2023-06-12,68,-19098.0,318.54900000000004,-19416.549
mean,2,2023-04-05,2023-06-13,69,626.0,318.54900000000004,307.45099999999996
mean,2,2023-04-05,2023-06-14,70,736.0,318.54900000000004,417.45099999999996
mean,2,2023-04-05,2023-06-15,71,-7577.370000000024,318.54900000000004,-7895.919000000024
mean,2,2023-04-05,2023-06-16,72,356.0,318.54900000000004,37.450999999999965
mean,2,2023-04-05,2023-06-17,73,616.0,318.54900000000004,297.45099999999996
mean,2,2023-04-05,2023-06-18,74,503.0,318.54900000000004,184.45099999999996
mean,2,2023-04-05,2023-06-19,75,110.0,318.54900000000004,-208.54900000000004
mean,2,2023-04-05,2023-06-20,76,-379.0,318.54900000000004,-697.549
mean,2,2023-04-05,2023-06-21,77,501.0,318.54900000000004,182.45099999999996
mean,2,2023-04-05,2023-06-22,78,-729.25,318.54900000000004,-1047.799
mean,2,2023-04-05,2023-06-23,79,275.0,318.54900000000004,-43.549000000000035
mean,2,2023-04-05,2023-06-24,80,710.0,318.54900000000004,391.45099999999996
mean,2,2023-04-05,2023-06-25,81,411.0,318.54900000000004,92.45099999999996
mean,2,2023-04-05,2023-06-26,82,615.0,318.54900000000004,296.45099999999996
mean,2,2023-04-05,2023-06-27,83,548.0,318.54900000000004,229.45099999999996
mean,2,2023-04-05,2023-06-28,84,773.0,318.54900000000004,454.45099999999996
mean,2,2023-04-05,2023-06-29,85,599.0,318.54900000000004,280.45099999999996
mean,2,2023-04-05,2023-06-30,86,488.0,318.54900000000004,169.45099999999996
mean,2,2023-04-05,2023-07-01,87,558.0,318.54900000000004,239.45099999999996
mean,2,2023-04-05,2023-07-02,88,864.0,318.54900000000004,545.451
mean,2,2023-04-05,2023-07-03,89,235.0,318.54900000000004,-83.54900000000004
mean,2,2023-04-05,2023-07-04,90,698.0,318.54900000000004,379.45099999999996
mean,3,2023-07-04,2023-07-05,1,781.0,260.04014545454544,520.9598545454546
mean,3,2023-07-04,2023-07-06,2,749.0,260.04014545454544,488.95985454545456
mean,3,2023-07-04,2023-07-07,3,834.0,260.04014545454544,573.9598545454546
mean,3,2023-07-04,2023-07-08,4,-3991.0,260.04014545454544,-4251.040145454545
mean,3,2023-07-04,2023-07-09,5,-1905.2399999999907,260.04014545454544,-2165.280145454536
mean,3,2023-07-04,2023-07-10,6,581.0,260.04014545454544,320.95985454545456
mean,3,2023-07-04,2023-07-11,7,871.0,260.04014545454544,610.9598545454546
mean,3,2023-07-04,2023-07-12,8,901.0,260.04014545454544,640.9598545454546
mean,3,2023-07-04,2023-07-13,9,344.0,260.04014545454544,83.95985454545456
mean,3,2023-07-04,2023-07-14,10,410.0,260.04014545454544,149.95985454545456
mean,3,2023-07-04,2023-07-15,11,-7613.690000000002,260.04014545454544,-7873.730145454548
mean,3,2023-07-04,2023-07-16,12,973.0,260.04014545454544,712.9598545454546
mean,3,2023-07-04,2023-07-17,13,863.0,260.04014545454544,602.9598545454546
mean,3,2023-07-04,2023-07-18,14,875.0,260.04014545454544,614.9598545454546
mean,3,2023-07-04,2023-07-19,15,848.0,260.04014545454544,587.9598545454546
mean,3,2023-07-04,2023-07-20,16,-154.0,260.04014545454544,-414.04014545454544
mean,3,2023-07-04,2023-07-21,17,515.0,260.04014545454544,254.95985454545456
mean,3,2023-07-04,2023-07-22,18,-1205.8299999999872,260.04014545454544,-1465.8701454545326
mean,3,2023-07-04,2023-07-23,19,810.0,260.04014545454544,549.9598545454546
mean,3,2023-07-04,2023-07-24,20,-529.0,260.04014545454544,-789.0401454545454
mean,3,2023-07-04,2023-07-25,21,640.0,260.04014545454544,379.95985454545456
mean,3,2023-07-04,2023-07-26,22,595.0,260.04014545454544,334.95985454545456
mean,3,2023-07-04,2023-07-27,23,410.0,260.04014545454544,149.95985454545456
mean,3,2023-07-04,2023-07-28,24,641.0,260.04014545454544,380.95985454545456
mean,3,2023-07-04,2023-07-29,25,771.0,260.04014545454544,510.95985454545456
mean,3,2023-07-04,2023-07-30,26,738.0,260.04014545454544,477.95985454545456
mean,3,2023-07-04,2023-07-31,27,913.0,260.04014545454544,652.9598545454546
mean,3,2023-07-04,2023-08-01,28,858.0,260.04014545454544,597.9598545454546
mean,3,2023-07-04,2023-08-02,29,564.0,260.04014545454544,303.95985454545456
mean,3,2023-07-04,2023-08-03,30,502.0,260.04014545454544,241.95985454545456
mean,3,2023-07-04,2023-08-04,31,875.0,260.04014545454544,614.9598545454546
mean,3,2023-07-04,2023-08-05,32,823.0,260.04014545454544,562.9598545454546
mean,3,2023-07-04,2023-08-06,33,500.0,260.04014545454544,239.95985454545456
mean,3,2023-07-04,2023-08-07,34,495.0,260.04014545454544,234.95985454545456
mean,3,2023-07-04,2023-08-08,35,-1900.0599999999977,260.04014545454544,-2160.100145454543
mean,3,2023-07-04,2023-08-09,36,639.0,260.04014545454544,378.95985454545456
mean,3,2023-07-04,2023-08-10,37,792.0,260.04014545454544,531.9598545454546
mean,3,2023-07-04,2023-08-11,38,926.0,260.04014545454544,665.9598545454546
mean,3,2023-07-04,2023-08-12,39,794.0,260.04014545454544,533.9598545454546
mean,3,2023-07-04,2023-08-13,40,801.0,260.04014545454544,540.9598545454546
mean,3,2023-07-04,2023-08-14,41,561.0,260.04014545454544,300.95985454545456
mean,3,2023-07-04,2023-08-15,42,-7791.25,260.04014545454544,-8051.290145454545
mean,3,2023-07-04,2023-08-16,43,759.0,260.04014545454544,498.95985454545456
mean,3,2023-07-04,2023-08-17,44,647.0,260.04014545454544,386.95985454545456
mean,3,2023-07-04,2023-08-18,45,809.0,260.04014545454544,548.9598545454546
mean,3,2023-07-04,2023-08-19,46,786.0,260.04014545454544,525.9598545454546
mean,3,2023-07-04,2023-08-20,47,-288.0,260.04014545454544,-548.0401454545454
mean,3,2023-07-04,2023-08-21,48,740.0,260.04014545454544,479.95985454545456
mean,3,2023-07-04,2023-08-22,49,-254.18000000002212,260.04014545454544,-514.2201454545675
mean,3,2023-07-04,2023-08-23,50,3469.310000000027,260.04014545454544,3209.2698545454814
mean,3,2023-07-04,2023-08-24,51,714.0,260.04014545454544,453.95985454545456
mean,3,2023-07-04,2023-08-25,52,598.0,260.04014545454544,337.95985454545456
mean,3,2023-07-04,2023-08-26,53,463.0,260.04014545454544,202.95985454545456
mean,3,2023-07-04,2023-08-27,54,561.0,260.04014545454544,300.95985454545456
mean,3,2023-07-04,2023-08-28,55,502.0,260.04014545454544,241.95985454545456
mean,3,2023-07-04,2023-08-29,56,985.0,260.04014545454544,724.9598545454546
mean,3,2023-07-04,2023-08-30,57,880.0,260.04014545454544,619.9598545454546
mean,3,2023-07-04,2023-08-31,58,828.0,260.04014545454544,567.9598545454546
mean,3,2023-07-04,2023-09-01,59,852.0,260.04014545454544,591.9598545454546
mean,3,2023-07-04,2023-09-02,60,586.0,260.04014545454544,325.95985454545456
mean,3,2023-07-04,2023-09-03,61,1108.0,260.04014545454544,847.9598545454546
mean,3,2023-07-04,2023-09-04,62,869.0,260.04014545454544,608.9598545454546
mean,3,2023-07-04,2023-09-05,63,739.0,260.04014545454544,478.95985454545456
mean,3,2023-07-04,2023-09-06,64,871.0,260.04014545454544,610.9598545454546
mean,3,2023-07-04,2023-09-07,65,952.0,260.04014545454544,691.9598545454546
mean,3,2023-07-04,2023-09-08,66,-2244.5100000000093,260.04014545454544,-2504.5501454545547
mean,3,2023-07-04,2023-09-09,67,1152.0,260.04014545454544,891.9598545454546
mean,3,2023-07-04,2023-09-10,68,813.0,260.04014545454544,552.9598545454546
mean,3,2023-07-04,2023-09-11,69,437.0,260.04014545454544,176.95985454545456
mean,3,2023-07-04,2023-09-12,70,814.0,260.04014545454544,553.9598545454546
mean,3,2023-07-04,2023-09-13,71,755.0,260.04014545454544,494.95985454545456
mean,3,2023-07-04,2023-09-14,72,739.0,260.04014545454544,478.95985454545456
mean,3,2023-07-04,2023-09-15,73,-7747.059999999998,260.04014545454544,-8007.100145454543
mean,3,2023-07-04,2023-09-16,74,915.0,260.04014545454544,654.9598545454546
mean,3,2023-07-04,2023-09-17,75,7425.8399999999965,260.04014545454544,7165.799854545451
mean,3,2023-07-04,2023-09-18,76,758.0,260.04014545454544,497.95985454545456
mean,3,2023-07-04,2023-09-19,77,868.0,260.04014545454544,607.9598545454546
mean,3,2023-07-04,2023-09-20,78,744.0,260.04014545454544,483.95985454545456
mean,3,2023-07-04,2023-09-21,79,615.0,260.04014545454544,354.95985454545456
mean,3,2023-07-04,2023-09-22,80,-1373.679999999993,260.04014545454544,-1633.7201454545384
mean,3,2023-07-04,2023-09-23,81,744.0,260.04014545454544,483.95985454545456
mean,3,2023-07-04,2023-09-24,82,1198.0,260.04014545454544,937.9598545454546
mean,3,2023-07-04,2023-09-25,83,663.0,260.04014545454544,402.95985454545456
mean,3,2023-07-04,2023-09-26,84,857.0,260.04014545454544,596.9598545454546
mean,3,2023-07-04,2023-09-27,85,781.0,260.04014545454544,520.9598545454546
mean,3,2023-07-04,2023-09-28,86,905.0,260.04014545454544,644.9598545454546
mean,3,2023-07-04,2023-09-29,87,1155.8999999999942,260.04014545454544,895.8598545454488
mean,3,2023-07-04,2023-09-30,88,745.0,260.04014545454544,484.95985454545456
mean,3,2023-07-04,2023-10-01,89,932.0,260.04014545454544,671.9598545454546
mean,3,2023-07-04,2023-10-02,90,1329.4400000000023,260.04014545454544,1069.399854545457
moving_average_28d,1,2023-01-05,2023-01-06,1,1140.0,490.5,649.5
moving_average_28d,1,2023-01-05,2023-01-07,2,902.0,490.5,411.5
moving_average_28d,1,2023-01-05,2023-01-08,3,-2416.540000000008,490.5,-2907.040000000008
moving_average_28d,1,2023-01-05,2023-01-09,4,615.0,490.5,124.5
moving_average_28d,1,2023-01-05,2023-01-10,5,1426.2900000000081,490.5,935.7900000000081
moving_average_28d,1,2023-01-05,2023-01-11,6,650.0,490.5,159.5
moving_average_28d,1,2023-01-05,2023-01-12,7,626.0,490.5,135.5
moving_average_28d,1,2023-01-05,2023-01-13,8,1190.0,490.5,699.5
moving_average_28d,1,2023-01-05,2023-01-14,9,1089.0,490.5,598.5
moving_average_28d,1,2023-01-05,2023-01-15,10,-8177.5199999999895,490.5,-8668.01999999999
moving_average_28d,1,2023-01-05,2023-01-16,11,1620.0899999999965,490.5,1129.5899999999965
moving_average_28d,1,2023-01-05,2023-01-17,12,712.0,490.5,221.5
moving_average_28d,1,2023-01-05,2023-01-18,13,783.0,490.5,292.5
moving_average_28d,1,2023-01-05,2023-01-19,14,436.0,490.5,-54.5
moving_average_28d,1,2023-01-05,2023-01-20,15,1098.0,490.5,607.5
moving_average_28d,1,2023-01-05,2023-01-21,16,1118.0,490.5,627.5
moving_average_28d,1,2023-01-05,2023-01-22,17,-1363.0200000000186,490.5,-1853.5200000000186
moving_average_28d,1,2023-01-05,2023-01-23,18,485.0,490.5,-5.5
moving_average_28d,1,2023-01-05,2023-01-24,19,1033.0,490.5,542.5
moving_average_28d,1,2023-01-05,2023-01-25,20,1158.0,490.5,667.5
moving_average_28d,1,2023-01-05,2023-01-26,21,775.0,490.5,284.5
moving_average_28d,1,2023-01-05,2023-01-27,22,700.0,490.5,209.5
moving_average_28d,1,2023-01-05,2023-01-28,23,1277.1500000000233,490.5,786.6500000000233
moving_average_28d,1,2023-01-05,2023-01-29,24,1060.0,490.5,569.5
moving_average_28d,1,2023-01-05,2023-01-30,25,345.0,490.5,-145.5
moving_average_28d,1,2023-01-05,2023-01-31,26,704.0,490.5,213.5
moving_average_28d,1,2023-01-05,2023-02-01,27,777.0,490.5,286.5
moving_average_28d,1,2023-01-05,2023-02-02,28,831.0,490.5,340.5
moving_average_28d,1,2023-01-05,2023-02-03,29,741.0,490.5,250.5
moving_average_28d,1,2023-01-05,2023-02-04,30,995.0,490.5,504.5
moving_average_28d,1,2023-01-05,2023-02-05,31,803.0,490.5,312.5
moving_average_28d,1,2023-01-05,2023-02-06,32,878.0,490.5,387.5
moving_average_28d,1,2023-01-05,2023-02-07,33,1052.0,490.5,561.5
moving_average_28d,1,2023-01-05,2023-02-08,34,-2139.9400000000023,490.5,-2630.4400000000023
moving_average_28d,1,2023-01-05,2023-02-09,35,844.0,490.5,353.5
moving_average_28d,1,2023-01-05,2023-02-10,36,1149.0,490.5,658.5
moving_average_28d,1,2023-01-05,2023-02-11,37,803.0,490.5,312.5
moving_average_28d,1,2023-01-05,2023-02-12,38,505.0,490.5,14.5
moving_average_28d,1,2023-01-05,2023-02-13,39,1090.0,490.5,599.5
moving_average_28d,1,2023-01-05,2023-02-14,40,-7873.0,490.5,-8363.5
moving_average_28d,1,2023-01-05,2023-02-15,41,-7619.630000000005,490.5,-8110.130000000005
moving_average_28d,1,2023-01-05,2023-02-16,42,1343.2699999999895,490.5,852.7699999999895
moving_average_28d,1,2023-01-05,2023-02-17,43,660.0,490.5,169.5
moving_average_28d,1,2023-01-05,2023-02-18,44,1184.0,490.5,693.5
moving_average_28d,1,2023-01-05,2023-02-19,45,803.0,490.5,312.5
moving_average_28d,1,2023-01-05,2023-02-20,46,709.0,490.5,218.5
moving_average_28d,1,2023-01-05,2023-02-21,47,1029.0,490.5,538.5
moving_average_28d,1,2023-01-05,2023-02-22,48,-994.9599999999919,490.5,-1485.4599999999919
moving_average_28d,1,2023-01-05,2023-02-23,49,1002.0,490.5,511.5
moving_average_28d,1,2023-01-05,2023-02-24,50,915.0,490.5,424.5
moving_average_28d,1,2023-01-05,2023-02-25,51,714.0,490.5,223.5
moving_average_28d,1,2023-01-05,2023-02-26,52,960.0,490.5,469.5
moving_average_28d,1,2023-01-05,2023-02-27,53,1023.0,490.5,532.5
moving_average_28d,1,2023-01-05,2023-02-28,54,615.0,490.5,124.5
moving_average_28d,1,2023-01-05,2023-03-01,55,691.0,490.5,200.5
moving_average_28d,1,2023-01-05,2023-03-02,56,682.0,490.5,191.5
moving_average_28d,1,2023-01-05,2023-03-03,57,410.0,490.5,-80.5
moving_average_28d,1,2023-01-05,2023-03-04,58,1654.3899999999849,490.5,1163.8899999999849
moving_average_28d,1,2023-01-05,2023-03-05,59,599.0,490.5,108.5
moving_average_28d,1,2023-01-05,2023-03-06,60,745.0,490.5,254.5
moving_average_28d,1,2023-01-05,2023-03-07,61,795.0,490.5,304.5
moving_average_28d,1,2023-01-05,2023-03-08,62,-1790.7399999999907,490.5,-2281.2399999999907
moving_average_28d,1,2023-01-05,2023-03-09,63,510.0,490.5,19.5
moving_average_28d,1,2023-01-05,2023-03-10,64,570.0,490.5,79.5
moving_average_28d,1,2023-01-05,2023-03-11,65,755.0,490.5,264.5
moving_average_28d,1,2023-01-05,2023-03-12,66,532.0,490.5,41.5
moving_average_28d,1,2023-01-05,2023-03-13,67,7.0,490.5,-483.5
moving_average_28d,1,2023-01-05,2023-03-14,68,491.0,490.5,0.5
moving_average_28d,1,2023-01-05,2023-03-15,69,-7485.299999999988,490.5,-7975.799999999988
moving_average_28d,1,2023-01-05,2023-03-16,70,32.0,490.5,-458.5
moving_average_28d,1,2023-01-05,2023-03-17,71,211.0,490.5,-279.5
moving_average_28d,1,2023-01-05,2023-03-18,72,581.0,490.5,90.5
moving_average_28d,1,2023-01-05,2023-03-19,73,400.0,490.5,-90.5
moving_average_28d,1,2023-01-05,2023-03-20,74,454.0,490.5,-36.5
moving_average_28d,1,2023-01-05,2023-03-21,75,798.0,490.5,307.5
moving_average_28d,1,2023-01-05,2023-03-22,76,-821.1600000000035,490.5,-1311.6600000000035
moving_average_28d,1,2023-01-05,2023-03-23,77,322.0,490.5,-168.5
moving_average_28d,1,2023-01-05,2023-03-24,78,424.0,490.5,-66.5
moving_average_28d,1,2023-01-05,2023-03-25,79,693.0,490.5,202.5
moving_average_28d,1,2023-01-05,2023-03-26,80,609.0,490.5,118.5
moving_average_28d,1,2023-01-05,2023-03-27,81,746.0,490.5,255.5
moving_average_28d,1,2023-01-05,2023-03-28,82,763.0,490.5,272.5
moving_average_28d,1,2023-01-05,2023-03-29,83,302.0,490.5,-188.5
moving_average_28d,1,2023-01-05,2023-03-30,84,1184.3800000000047,490.5,693.8800000000047
moving_average_28d,1,2023-01-05,2023-03-31,85,1586.5,490.5,1096.0
moving_average_28d,1,2023-01-05,2023-04-01,86,549.0,490.5,58.5
moving_average_28d,1,2023-01-05,2023-04-02,87,769.0,490.5,278.5
moving_average_28d,1,2023-01-05,2023-04-03,88,736.0,490.5,245.5
moving_average_28d,1,2023-01-05,2023-04-04,89,576.0,490.5,85.5
moving_average_28d,1,2023-01-05,2023-04-05,90,453.0,490.5,-37.5
moving_average_28d,2,2023-04-05,2023-04-06,1,726.0,240.97928571428616,485.02071428571384
moving_average_28d,2,2023-04-05,2023-04-07,2,540.0,240.97928571428616,299.02071428571384
moving_average_28d,2,2023-04-05,2023-04-08,3,-1442.8500000000058,240.97928571428616,-1683.829285714292
moving_average_28d,2,2023-04-05,2023-04-09,4,717.0,240.97928571428616,476.02071428571384
moving_average_28d,2,2023-04-05,2023-04-10,5,684.0,240.97928571428616,443.02071428571384
moving_average_28d,2,2023-04-05,2023-04-11,6,685.0,240.97928571428616,444.02071428571384
moving_average_28d,2,2023-04-05,2023-04-12,7,241.0,240.97928571428616,0.02071428571383649
moving_average_28d,2,2023-04-05,2023-04-13,8,574.0,240.97928571428616,333.02071428571384
moving_average_28d,2,2023-04-05,2023-04-14,9,512.0,240.97928571428616,271.02071428571384
moving_average_28d,2,2023-04-05,2023-04-15,10,-7489.799999999988,240.97928571428616,-7730.779285714275
moving_average_28d,2,2023-04-05,2023-04-16,11,377.0,240.97928571428616,136.02071428571384
moving_average_28d,2,2023-04-05,2023-04-17,12,49.0,240.97928571428616,-191.97928571428616
moving_average_28d,2,2023-04-05,2023-04-18,13,765.0,240.97928571428616,524.0207142857139
moving_average_28d,2,2023-04-05,2023-04-19,14,486.0,240.97928571428616,245.02071428571384
moving_average_28d,2,2023-04-05,2023-04-20,15,687.0,240.97928571428616,446.02071428571384
moving_average_28d,2,2023-04-05,2023-04-21,16,748.0,240.97928571428616,507.02071428571384
moving_average_28d,2,2023-04-05,2023-04-22,17,-768.5600000000268,240.97928571428616,-1009.5392857143129
moving_average_28d,2,2023-04-05,2023-04-23,18,501.0,240.97928571428616,260.02071428571384
moving_average_28d,2,2023-04-05,2023-04-24,19,331.0,240.97928571428616,90.02071428571384
moving_average_28d,2,2023-04-05,2023-04-25,20,450.0,240.97928571428616,209.02071428571384
moving_average_28d,2,2023-04-05,2023-04-26,21,468.0,240.97928571428616,227.02071428571384
moving_average_28d,2,2023-04-05,2023-04-27,22,799.0,240.97928571428616,558.0207142857139
moving_average_28d,2,2023-04-05,2023-04-28,23,67.0,240.97928571428616,-173.97928571428616
moving_average_28d,2,2023-04-05,2023-04-29,24,406.0,240.97928571428616,165.02071428571384
moving_average_28d,2,2023-04-05,2023-04-30,25,560.0,240.97928571428616,319.02071428571384
moving_average_28d,2,2023-04-05,2023-05-01,26,411.0,240.97928571428616,170.02071428571384
moving_average_28d,2,2023-04-05,2023-05-02,27,587.0,240.97928571428616,346.02071428571384
moving_average_28d,2,2023-04-05,2023-05-03,28,784.0,240.97928571428616,543.0207142857139
moving_average_28d,2,2023-04-05,2023-05-04,29,410.0,240.97928571428616,169.02071428571384
moving_average_28d,2,2023-04-05,2023-05-05,30,1649.5299999999988,240.97928571428616,1408.5507142857127
moving_average_28d,2,2023-04-05,2023-05-06,31,518.0,240.97928571428616,277.02071428571384
moving_average_28d,2,2023-04-05,2023-05-07,32,660.0,240.97928571428616,419.02071428571384
moving_average_28d,2,2023-04-05,2023-05-08,33,-1512.0799999999872,240.97928571428616,-1753.0592857142733
moving_average_28d,2,2023-04-05,2023-05-09,34,625.0,240.97928571428616,384.02071428571384
moving_average_28d,2,2023-04-05,2023-05-10,35,754.0,240.97928571428616,513.0207142857139
moving_average_28d,2,2023-04-05,2023-05-11,36,741.0,240.97928571428616,500.02071428571384
moving_average_28d,2,2023-04-05,2023-05-12,37,480.0,240.97928571428616,239.02071428571384
moving_average_28d,2,2023-04-05,2023-05-13,38,519.0,240.97928571428616,278.02071428571384
moving_average_28d,2,2023-04-05,2023-05-14,39,614.0,240.97928571428616,373.02071428571384
moving_average_28d,2,2023-04-05,2023-05-15,40,-7686.940000000002,240.97928571428616,-7927.919285714289
moving_average_28d,2,2023-04-05,2023-05-16,41,608.0,240.97928571428616,367.02071428571384
moving_average_28d,2,2023-04-05,2023-05-17,42,439.0,240.97928571428616,198.02071428571384
moving_average_28d,2,2023-04-05,2023-05-18,43,680.0,240.97928571428616,439.02071428571384
moving_average_28d,2,2023-04-05,2023-05-19,44,645.0,240.97928571428616,404.02071428571384
moving_average_28d,2,2023-04-05,2023-05-20,45,275.0,240.97928571428616,34.02071428571384
moving_average_28d,2,2023-04-05,2023-05-21,46,497.0,240.97928571428616,256.02071428571384
moving_average_28d,2,2023-04-05,2023-05-22,47,-213.04000000000815,240.97928571428616,-454.0192857142943
moving_average_28d,2,2023-04-05,2023-05-23,48,72.0,240.97928571428616,-168.97928571428616
moving_average_28d,2,2023-04-05,2023-05-24,49,433.0,240.97928571428616,192.02071428571384
moving_average_28d,2,2023-04-05,2023-05-25,50,552.0,240.97928571428616,311.02071428571384
moving_average_28d,2,2023-04-05,2023-05-26,51,475.0,240.97928571428616,234.02071428571384
moving_average_28d,2,2023-04-05,2023-05-27,52,2183.7700000000186,240.97928571428616,1942.7907142857325
moving_average_28d,2,2023-04-05,2023-05-28,53,686.0,240.97928571428616,445.02071428571384
moving_average_28d,2,2023-04-05,2023-05-29,54,105.0,240.97928571428616,-135.97928571428616
moving_average_28d,2,2023-04-05,2023-05-30,55,636.0,240.97928571428616,395.02071428571384
moving_average_28d,2,2023-04-05,2023-05-31,56,793.0,240.97928571428616,552.0207142857139
moving_average_28d,2,2023-04-05,2023-06-01,57,589.0,240.97928571428616,348.02071428571384
moving_average_28d,2,2023-04-05,2023-06-02,58,463.0,240.97928571428616,222.02071428571384
moving_average_28d,2,2023-04-05,2023-06-03,59,709.0,240.97928571428616,468.02071428571384
moving_average_28d,2,2023-04-05,2023-06-04,60,236.0,240.97928571428616,-4.9792857142861635
moving_average_28d,2,2023-04-05,2023-06-05,61,428.0,240.97928571428616,187.02071428571384
moving_average_28d,2,2023-04-05,2023-06-06,62,695.0,240.97928571428616,454.02071428571384
moving_average_28d,2,2023-04-05,2023-06-07,63,563.0,240.97928571428616,322.02071428571384
moving_average_28d,2,2023-04-05,2023-06-08,64,-1410.8699999999953,240.97928571428616,-1651.8492857142815
moving_average_28d,2,2023-04-05,2023-06-09,65,709.0,240.97928571428616,468.02071428571384
moving_average_28d,2,2023-04-05,2023-06-10,66,510.0,240.97928571428616,269.02071428571384
moving_average_28d,2,2023-04-05,2023-06-11,67,468.0,240.97928571428616,227.02071428571384
moving_average_28d,2,2023-04-05,2023-06-12,68,-19098.0,240.97928571428616,-19338.979285714286
moving_average_28d,2,2023-04-05,2023-06-13,69,626.0,240.97928571428616,385.02071428571384
moving_average_28d,2,2023-04-05,2023-06-14,70,736.0,240.97928571428616,495.02071428571384
moving_average_28d,2,2023-04-05,2023-06-15,71,-7577.370000000024,240.97928571428616,-7818.349285714311
moving_average_28d,2,2023-04-05,2023-06-16,72,356.0,240.97928571428616,115.02071428571384
moving_average_28d,2,2023-04-05,2023-06-17,73,616.0,240.97928571428616,375.02071428571384
moving_average_28d,2,2023-04-05,2023-06-18,74,503.0,240.97928571428616,262.02071428571384
moving_average_28d,2,2023-04-05,2023-06-19,75,110.0,240.97928571428616,-130.97928571428616
moving_average_28d,2,2023-04-05,2023-06-20,76,-379.0,240.97928571428616,-619.9792857142861
moving_average_28d,2,2023-04-05,2023-06-21,77,501.0,240.97928571428616,260.02071428571384
moving_average_28d,2,2023-04-05,2023-06-22,78,-729.25,240.97928571428616,-970.2292857142861
moving_average_28d,2,2023-04-05,2023-06-23,79,275.0,240.97928571428616,34.02071428571384
moving_average_28d,2,2023-04-05,2023-06-24,80,710.0,240.97928571428616,469.02071428571384
moving_average_28d,2,2023-04-05,2023-06-25,81,411.0,240.97928571428616,170.02071428571384
moving_average_28d,2,2023-04-05,2023-06-26,82,615.0,240.97928571428616,374.02071428571384
moving_average_28d,2,2023-04-05,2023-06-27,83,548.0,240.97928571428616,307.02071428571384
moving_average_28d,2,2023-04-05,2023-06-28,84,773.0,240.97928571428616,532.0207142857139
moving_average_28d,2,2023-04-05,2023-06-29,85,599.0,240.97928571428616,358.02071428571384
moving_average_28d,2,2023-04-05,2023-06-30,86,488.0,240.97928571428616,247.02071428571384
moving_average_28d,2,2023-04-05,2023-07-01,87,558.0,240.97928571428616,317.02071428571384
moving_average_28d,2,2023-04-05,2023-07-02,88,864.0,240.97928571428616,623.0207142857139
moving_average_28d,2,2023-04-05,2023-07-03,89,235.0,240.97928571428616,-5.9792857142861635
moving_average_28d,2,2023-04-05,2023-07-04,90,698.0,240.97928571428616,457.02071428571384
moving_average_28d,3,2023-07-04,2023-07-05,1,781.0,-597.2317857142864,1378.2317857142864
moving_average_28d,3,2023-07-04,2023-07-06,2,749.0,-597.2317857142864,1346.2317857142864
moving_average_28d,3,2023-07-04,2023-07-07,3,834.0,-597.2317857142864,1431.2317857142864
moving_average_28d,3,2023-07-04,2023-07-08,4,-3991.0,-597.2317857142864,-3393.768214285714
moving_average_28d,3,2023-07-04,2023-07-09,5,-1905.2399999999907,-597.2317857142864,-1308.0082142857043
moving_average_28d,3,2023-07-04,2023-07-10,6,581.0,-597.2317857142864,1178.2317857142864
moving_average_28d,3,2023-07-04,2023-07-11,7,871.0,-597.2317857142864,1468.2317857142864
moving_average_28d,3,2023-07-04,2023-07-12,8,901.0,-597.2317857142864,1498.2317857142864
moving_average_28d,3,2023-07-04,2023-07-13,9,344.0,-597.2317857142864,941.2317857142864
moving_average_28d,3,2023-07-04,2023-07-14,10,410.0,-597.2317857142864,1007.2317857142864
moving_average_28d,3,2023-07-04,2023-07-15,11,-7613.690000000002,-597.2317857142864,-7016.458214285716
moving_average_28d,3,2023-07-04,2023-07-16,12,973.0,-597.2317857142864,1570.2317857142864
moving_average_28d,3,2023-07-04,2023-07-17,13,863.0,-597.2317857142864,1460.2317857142864
moving_average_28d,3,2023-07-04,2023-07-18,14,875.0,-597.2317857142864,1472.2317857142864
moving_average_28d,3,2023-07-04,2023-07-19,15,848.0,-597.2317857142864,1445.2317857142864
moving_average_28d,3,2023-07-04,2023-07-20,16,-154.0,-597.2317857142864,443.2317857142864
moving_average_28d,3,2023-07-04,2023-07-21,17,515.0,-597.2317857142864,1112.2317857142864
moving_average_28d,3,2023-07-04,2023-07-22,18,-1205.8299999999872,-597.2317857142864,-608.5982142857008
moving_average_28d,3,2023-07-04,2023-07-23,19,810.0,-597.2317857142864,1407.2317857142864
moving_average_28d,3,2023-07-04,2023-07-24,20,-529.0,-597.2317857142864,68.23178571428639
moving_average_28d,3,2023-07-04,2023-07-25,21,640.0,-597.2317857142864,1237.2317857142864
moving_average_28d,3,2023-07-04,2023-07-26,22,595.0,-597.2317857142864,1192.2317857142864
moving_average_28d,3,2023-07-04,2023-07-27,23,410.0,-597.2317857142864,1007.2317857142864
moving_average_28d,3,2023-07-04,2023-07-28,24,641.0,-597.2317857142864,1238.2317857142864
moving_average_28d,3,2023-07-04,2023-07-29,25,771.0,-597.2317857142864,1368.2317857142864
moving_average_28d,3,2023-07-04,2023-07-30,26,738.0,-597.2317857142864,1335.2317857142864
moving_average_28d,3,2023-07-04,2023-07-31,27,913.0,-597.2317857142864,1510.2317857142864
moving_average_28d,3,2023-07-04,2023-08-01,28,858.0,-597.2317857142864,1455.2317857142864
moving_average_28d,3,2023-07-04,2023-08-02,29,564.0,-597.2317857142864,1161.2317857142864
moving_average_28d,3,2023-07-04,2023-08-03,30,502.0,-597.2317857142864,1099.2317857142864
moving_average_28d,3,2023-07-04,2023-08-04,31,875.0,-597.2317857142864,1472.2317857142864
moving_average_28d,3,2023-07-04,2023-08-05,32,823.0,-597.2317857142864,1420.2317857142864
moving_average_28d,3,2023-07-04,2023-08-06,33,500.0,-597.2317857142864,1097.2317857142864
moving_average_28d,3,2023-07-04,2023-08-07,34,495.0,-597.2317857142864,1092.2317857142864
moving_average_28d,3,2023-07-04,2023-08-08,35,-1900.0599999999977,-597.2317857142864,-1302.8282142857113
moving_average_28d,3,2023-07-04,2023-08-09,36,639.0,-597.2317857142864,1236.2317857142864
moving_average_28d,3,2023-07-04,2023-08-10,37,792.0,-597.2317857142864,1389.2317857142864
moving_average_28d,3,2023-07-04,2023-08-11,38,926.0,-597.2317857142864,1523.2317857142864
moving_average_28d,3,2023-07-04,2023-08-12,39,794.0,-597.2317857142864,1391.2317857142864
moving_average_28d,3,2023-07-04,2023-08-13,40,801.0,-597.2317857142864,1398.2317857142864
moving_average_28d,3,2023-07-04,2023-08-14,41,561.0,-597.2317857142864,1158.2317857142864
moving_average_28d,3,2023-07-04,2023-08-15,42,-7791.25,-597.2317857142864,-7194.018214285714
moving_average_28d,3,2023-07-04,2023-08-16,43,759.0,-597.2317857142864,1356.2317857142864
moving_average_28d,3,2023-07-04,2023-08-17,44,647.0,-597.2317857142864,1244.2317857142864
moving_average_28d,3,2023-07-04,2023-08-18,45,809.0,-597.2317857142864,1406.2317857142864
moving_average_28d,3,2023-07-04,2023-08-19,46,786.0,-597.2317857142864,1383.2317857142864
moving_average_28d,3,2023-07-04,2023-08-20,47,-288.0,-597.2317857142864,309.2317857142864
moving_average_28d,3,2023-07-04,2023-08-21,48,740.0,-597.2317857142864,1337.2317857142864
moving_average_28d,3,2023-07-04,2023-08-22,49,-254.18000000002212,-597.2317857142864,343.05178571426427
moving_average_28d,3,2023-07-04,2023-08-23,50,3469.310000000027,-597.2317857142864,4066.541785714313
moving_average_28d,3,2023-07-04,2023-08-24,51,714.0,-597.2317857142864,1311.2317857142864
moving_average_28d,3,2023-07-04,2023-08-25,52,598.0,-597.2317857142864,1195.2317857142864
moving_average_28d,3,2023-07-04,2023-08-26,53,463.0,-597.2317857142864,1060.2317857142864
moving_average_28d,3,2023-07-04,2023-08-27,54,561.0,-597.2317857142864,1158.2317857142864
moving_average_28d,3,2023-07-04,2023-08-28,55,502.0,-597.2317857142864,1099.2317857142864
moving_average_28d,3,2023-07-04,2023-08-29,56,985.0,-597.2317857142864,1582.2317857142864
moving_average_28d,3,2023-07-04,2023-08-30,57,880.0,-597.2317857142864,1477.2317857142864
moving_average_28d,3,2023-07-04,2023-08-31,58,828.0,-597.2317857142864,1425.2317857142864
moving_average_28d,3,2023-07-04,2023-09-01,59,852.0,-597.2317857142864,1449.2317857142864
moving_average_28d,3,2023-07-04,2023-09-02,60,586.0,-597.2317857142864,1183.2317857142864
moving_average_28d,3,2023-07-04,2023-09-03,61,1108.0,-597.2317857142864,1705.2317857142864
moving_average_28d,3,2023-07-04,2023-09-04,62,869.0,-597.2317857142864,1466.2317857142864
moving_average_28d,3,2023-07-04,2023-09-05,63,739.0,-597.2317857142864,1336.2317857142864
moving_average_28d,3,2023-07-04,2023-09-06,64,871.0,-597.2317857142864,1468.2317857142864
moving_average_28d,3,2023-07-04,2023-09-07,65,952.0,-597.2317857142864,1549.2317857142864
moving_average_28d,3,2023-07-04,2023-09-08,66,-2244.5100000000093,-597.2317857142864,-1647.278214285723
moving_average_28d,3,2023-07-04,2023-09-09,67,1152.0,-597.2317857142864,1749.2317857142864
moving_average_28d,3,2023-07-04,2023-09-10,68,813.0,-597.2317857142864,1410.2317857142864
moving_average_28d,3,2023-07-04,2023-09-11,69,437.0,-597.2317857142864,1034.2317857142864
moving_average_28d,3,2023-07-04,2023-09-12,70,814.0,-597.2317857142864,1411.2317857142864
moving_average_28d,3,2023-07-04,2023-09-13,71,755.0,-597.2317857142864,1352.2317857142864
moving_average_28d,3,2023-07-04,2023-09-14,72,739.0,-597.2317857142864,1336.2317857142864
moving_average_28d,3,2023-07-04,2023-09-15,73,-7747.059999999998,-597.2317857142864,-7149.8282142857115
moving_average_28d,3,2023-07-04,2023-09-16,74,915.0,-597.2317857142864,1512.2317857142864
moving_average_28d,3,2023-07-04,2023-09-17,75,7425.8399999999965,-597.2317857142864,8023.071785714283
moving_average_28d,3,2023-07-04,2023-09-18,76,758.0,-597.2317857142864,1355.2317857142864
moving_average_28d,3,2023-07-04,2023-09-19,77,868.0,-597.2317857142864,1465.2317857142864
moving_average_28d,3,2023-07-04,2023-09-20,78,744.0,-597.2317857142864,1341.2317857142864
moving_average_28d,3,2023-07-04,2023-09-21,79,615.0,-597.2317857142864,1212.2317857142864
moving_average_28d,3,2023-07-04,2023-09-22,80,-1373.679999999993,-597.2317857142864,-776.4482142857066
moving_average_28d,3,2023-07-04,2023-09-23,81,744.0,-597.2317857142864,1341.2317857142864
moving_average_28d,3,2023-07-04,2023-09-24,82,1198.0,-597.2317857142864,1795.2317857142864
moving_average_28d,3,2023-07-04,2023-09-25,83,663.0,-597.2317857142864,1260.2317857142864
moving_average_28d,3,2023-07-04,2023-09-26,84,857.0,-597.2317857142864,1454.2317857142864
moving_average_28d,3,2023-07-04,2023-09-27,85,781.0,-597.2317857142864,1378.2317857142864
moving_average_28d,3,2023-07-04,2023-09-28,86,905.0,-597.2317857142864,1502.2317857142864
moving_average_28d,3,2023-07-04,2023-09-29,87,1155.8999999999942,-597.2317857142864,1753.1317857142806
moving_average_28d,3,2023-07-04,2023-09-30,88,745.0,-597.2317857142864,1342.2317857142864
moving_average_28d,3,2023-07-04,2023-10-01,89,932.0,-597.2317857142864,1529.2317857142864
moving_average_28d,3,2023-07-04,2023-10-02,90,1329.4400000000023,-597.2317857142864,1926.6717857142887
seasonal_naive_7d,1,2023-01-05,2023-01-06,1,1140.0,558.0,582.0
seasonal_naive_7d,1,2023-01-05,2023-01-07,2,902.0,614.0,288.0
seasonal_naive_7d,1,2023-01-05,2023-01-08,3,-2416.540000000008,686.0,-3102.540000000008
seasonal_naive_7d,1,2023-01-05,2023-01-09,4,615.0,919.0,-304.0
seasonal_naive_7d,1,2023-01-05,2023-01-10,5,1426.2900000000081,1034.0,392.29000000000815
seasonal_naive_7d,1,2023-01-05,2023-01-11,6,650.0,1068.0,-418.0
seasonal_naive_7d,1,2023-01-05,2023-01-12,7,626.0,1185.0,-559.0
seasonal_naive_7d,1,2023-01-05,2023-01-13,8,1190.0,558.0,632.0
seasonal_naive_7d,1,2023-01-05,2023-01-14,9,1089.0,614.0,475.0
seasonal_naive_7d,1,2023-01-05,2023-01-15,10,-8177.5199999999895,686.0,-8863.51999999999
seasonal_naive_7d,1,2023-01-05,2023-01-16,11,1620.0899999999965,919.0,701.0899999999965
seasonal_naive_7d,1,2023-01-05,2023-01-17,12,712.0,1034.0,-322.0
seasonal_naive_7d,1,2023-01-05,2023-01-18,13,783.0,1068.0,-285.0
seasonal_naive_7d,1,2023-01-05,2023-01-19,14,436.0,1185.0,-749.0
seasonal_naive_7d,1,2023-01-05,2023-01-20,15,1098.0,558.0,540.0
seasonal_naive_7d,1,2023-01-05,2023-01-21,16,1118.0,614.0,504.0
seasonal_naive_7d,1,2023-01-05,2023-01-22,17,-1363.0200000000186,686.0,-2049.0200000000186
seasonal_naive_7d,1,2023-01-05,2023-01-23,18,485.0,919.0,-434.0
seasonal_naive_7d,1,2023-01-05,2023-01-24,19,1033.0,1034.0,-1.0
seasonal_naive_7d,1,2023-01-05,2023-01-25,20,1158.0,1068.0,90.0
seasonal_naive_7d,1,2023-01-05,2023-01-26,21,775.0,1185.0,-410.0
seasonal_naive_7d,1,2023-01-05,2023-01-27,22,700.0,558.0,142.0
seasonal_naive_7d,1,2023-01-05,2023-01-28,23,1277.1500000000233,614.0,663.1500000000233
seasonal_naive_7d,1,2023-01-05,2023-01-29,24,1060.0,686.0,374.0
seasonal_naive_7d,1,2023-01-05,2023-01-30,25,345.0,919.0,-574.0
seasonal_naive_7d,1,2023-01-05,2023-01-31,26,704.0,1034.0,-330.0
seasonal_naive_7d,1,2023-01-05,2023-02-01,27,777.0,1068.0,-291.0
seasonal_naive_7d,1,2023-01-05,2023-02-02,28,831.0,1185.0,-354.0
seasonal_naive_7d,1,2023-01-05,2023-02-03,29,741.0,558.0,183.0
seasonal_naive_7d,1,2023-01-05,2023-02-04,30,995.0,614.0,381.0
seasonal_naive_7d,1,2023-01-05,2023-02-05,31,803.0,686.0,117.0
seasonal_naive_7d,1,2023-01-05,2023-02-06,32,878.0,919.0,-41.0
seasonal_naive_7d,1,2023-01-05,2023-02-07,33,1052.0,1034.0,18.0
seasonal_naive_7d,1,2023-01-05,2023-02-08,34,-2139.9400000000023,1068.0,-3207.9400000000023
seasonal_naive_7d,1,2023-01-05,2023-02-09,35,844.0,1185.0,-341.0
seasonal_naive_7d,1,2023-01-05,2023-02-10,36,1149.0,558.0,591.0
seasonal_naive_7d,1,2023-01-05,2023-02-11,37,803.0,614.0,189.0
seasonal_naive_7d,1,2023-01-05,2023-02-12,38,505.0,686.0,-181.0
seasonal_naive_7d,1,2023-01-05,2023-02-13,39,1090.0,919.0,171.0
seasonal_naive_7d,1,2023-01-05,2023-02-14,40,-7873.0,1034.0,-8907.0
seasonal_naive_7d,1,2023-01-05,2023-02-15,41,-7619.630000000005,1068.0,-8687.630000000005
seasonal_naive_7d,1,2023-01-05,2023-02-16,42,1343.2699999999895,1185.0,158.26999999998952
seasonal_naive_7d,1,2023-01-05,2023-02-17,43,660.0,558.0,102.0
seasonal_naive_7d,1,2023-01-05,2023-02-18,44,1184.0,614.0,570.0
seasonal_naive_7d,1,2023-01-05,2023-02-19,45,803.0,686.0,117.0
seasonal_naive_7d,1,2023-01-05,2023-02-20,46,709.0,919.0,-210.0
seasonal_naive_7d,1,2023-01-05,2023-02-21,47,1029.0,1034.0,-5.0
seasonal_naive_7d,1,2023-01-05,2023-02-22,48,-994.9599999999919,1068.0,-2062.959999999992
seasonal_naive_7d,1,2023-01-05,2023-02-23,49,1002.0,1185.0,-183.0
seasonal_naive_7d,1,2023-01-05,2023-02-24,50,915.0,558.0,357.0
seasonal_naive_7d,1,2023-01-05,2023-02-25,51,714.0,614.0,100.0
seasonal_naive_7d,1,2023-01-05,2023-02-26,52,960.0,686.0,274.0
seasonal_naive_7d,1,2023-01-05,2023-02-27,53,1023.0,919.0,104.0
seasonal_naive_7d,1,2023-01-05,2023-02-28,54,615.0,1034.0,-419.0
seasonal_naive_7d,1,2023-01-05,2023-03-01,55,691.0,1068.0,-377.0
seasonal_naive_7d,1,2023-01-05,2023-03-02,56,682.0,1185.0,-503.0
seasonal_naive_7d,1,2023-01-05,2023-03-03,57,410.0,558.0,-148.0
seasonal_naive_7d,1,2023-01-05,2023-03-04,58,1654.3899999999849,614.0,1040.3899999999849
seasonal_naive_7d,1,2023-01-05,2023-03-05,59,599.0,686.0,-87.0
seasonal_naive_7d,1,2023-01-05,2023-03-06,60,745.0,919.0,-174.0
seasonal_naive_7d,1,2023-01-05,2023-03-07,61,795.0,1034.0,-239.0
seasonal_naive_7d,1,2023-01-05,2023-03-08,62,-1790.7399999999907,1068.0,-2858.7399999999907
seasonal_naive_7d,1,2023-01-05,2023-03-09,63,510.0,1185.0,-675.0
seasonal_naive_7d,1,2023-01-05,2023-03-10,64,570.0,558.0,12.0
seasonal_naive_7d,1,2023-01-05,2023-03-11,65,755.0,614.0,141.0
seasonal_naive_7d,1,2023-01-05,2023-03-12,66,532.0,686.0,-154.0
seasonal_naive_7d,1,2023-01-05,2023-03-13,67,7.0,919.0,-912.0
seasonal_naive_7d,1,2023-01-05,2023-03-14,68,491.0,1034.0,-543.0
seasonal_naive_7d,1,2023-01-05,2023-03-15,69,-7485.299999999988,1068.0,-8553.299999999988
seasonal_naive_7d,1,2023-01-05,2023-03-16,70,32.0,1185.0,-1153.0
seasonal_naive_7d,1,2023-01-05,2023-03-17,71,211.0,558.0,-347.0
seasonal_naive_7d,1,2023-01-05,2023-03-18,72,581.0,614.0,-33.0
seasonal_naive_7d,1,2023-01-05,2023-03-19,73,400.0,686.0,-286.0
seasonal_naive_7d,1,2023-01-05,2023-03-20,74,454.0,919.0,-465.0
seasonal_naive_7d,1,2023-01-05,2023-03-21,75,798.0,1034.0,-236.0
seasonal_naive_7d,1,2023-01-05,2023-03-22,76,-821.1600000000035,1068.0,-1889.1600000000035
seasonal_naive_7d,1,2023-01-05,2023-03-23,77,322.0,1185.0,-863.0
seasonal_naive_7d,1,2023-01-05,2023-03-24,78,424.0,558.0,-134.0
seasonal_naive_7d,1,2023-01-05,2023-03-25,79,693.0,614.0,79.0
seasonal_naive_7d,1,2023-01-05,2023-03-26,80,609.0,686.0,-77.0
seasonal_naive_7d,1,2023-01-05,2023-03-27,81,746.0,919.0,-173.0
seasonal_naive_7d,1,2023-01-05,2023-03-28,82,763.0,1034.0,-271.0
seasonal_naive_7d,1,2023-01-05,2023-03-29,83,302.0,1068.0,-766.0
seasonal_naive_7d,1,2023-01-05,2023-03-30,84,1184.3800000000047,1185.0,-0.6199999999953434
seasonal_naive_7d,1,2023-01-05,2023-03-31,85,1586.5,558.0,1028.5
seasonal_naive_7d,1,2023-01-05,2023-04-01,86,549.0,614.0,-65.0
seasonal_naive_7d,1,2023-01-05,2023-04-02,87,769.0,686.0,83.0
seasonal_naive_7d,1,2023-01-05,2023-04-03,88,736.0,919.0,-183.0
seasonal_naive_7d,1,2023-01-05,2023-04-04,89,576.0,1034.0,-458.0
seasonal_naive_7d,1,2023-01-05,2023-04-05,90,453.0,1068.0,-615.0
seasonal_naive_7d,2,2023-04-05,2023-04-06,1,726.0,1184.3800000000047,-458.38000000000466
seasonal_naive_7d,2,2023-04-05,2023-04-07,2,540.0,1586.5,-1046.5
seasonal_naive_7d,2,2023-04-05,2023-04-08,3,-1442.8500000000058,549.0,-1991.8500000000058
seasonal_naive_7d,2,2023-04-05,2023-04-09,4,717.0,769.0,-52.0
seasonal_naive_7d,2,2023-04-05,2023-04-10,5,684.0,736.0,-52.0
seasonal_naive_7d,2,2023-04-05,2023-04-11,6,685.0,576.0,109.0
seasonal_naive_7d,2,2023-04-05,2023-04-12,7,241.0,453.0,-212.0
seasonal_naive_7d,2,2023-04-05,2023-04-13,8,574.0,1184.3800000000047,-610.3800000000047
seasonal_naive_7d,2,2023-04-05,2023-04-14,9,512.0,1586.5,-1074.5
seasonal_naive_7d,2,2023-04-05,2023-04-15,10,-7489.799999999988,549.0,-8038.799999999988
seasonal_naive_7d,2,2023-04-05,2023-04-16,11,377.0,769.0,-392.0
seasonal_naive_7d,2,2023-04-05,2023-04-17,12,49.0,736.0,-687.0
seasonal_naive_7d,2,2023-04-05,2023-04-18,13,765.0,576.0,189.0
seasonal_naive_7d,2,2023-04-05,2023-04-19,14,486.0,453.0,33.0
seasonal_naive_7d,2,2023-04-05,2023-04-20,15,687.0,1184.3800000000047,-497.38000000000466
seasonal_naive_7d,2,2023-04-05,2023-04-21,16,748.0,1586.5,-838.5
seasonal_naive_7d,2,2023-04-05,2023-04-22,17,-768.5600000000268,549.0,-1317.5600000000268
seasonal_naive_7d,2,2023-04-05,2023-04-23,18,501.0,769.0,-268.0
seasonal_naive_7d,2,2023-04-05,2023-04-24,19,331.0,736.0,-405.0
seasonal_naive_7d,2,2023-04-05,2023-04-25,20,450.0,576.0,-126.0
seasonal_naive_7d,2,2023-04-05,2023-04-26,21,468.0,453.0,15.0
seasonal_naive_7d,2,2023-04-05,2023-04-27,22,799.0,1184.3800000000047,-385.38000000000466
seasonal_naive_7d,2,2023-04-05,2023-04-28,23,67.0,1586.5,-1519.5
seasonal_naive_7d,2,2023-04-05,2023-04-29,24,406.0,549.0,-143.0
seasonal_naive_7d,2,2023-04-05,2023-04-30,25,560.0,769.0,-209.0
seasonal_naive_7d,2,2023-04-05,2023-05-01,26,411.0,736.0,-325.0
seasonal_naive_7d,2,2023-04-05,2023-05-02,27,587.0,576.0,11.0
seasonal_naive_7d,2,2023-04-05,2023-05-03,28,784.0,453.0,331.0
seasonal_naive_7d,2,2023-04-05,2023-05-04,29,410.0,1184.3800000000047,-774.3800000000047
seasonal_naive_7d,2,2023-04-05,2023-05-05,30,1649.5299999999988,1586.5,63.029999999998836
seasonal_naive_7d,2,2023-04-05,2023-05-06,31,518.0,549.0,-31.0
seasonal_naive_7d,2,2023-04-05,2023-05-07,32,660.0,769.0,-109.0
seasonal_naive_7d,2,2023-04-05,2023-05-08,33,-1512.0799999999872,736.0,-2248.079999999987
seasonal_naive_7d,2,2023-04-05,2023-05-09,34,625.0,576.0,49.0
seasonal_naive_7d,2,2023-04-05,2023-05-10,35,754.0,453.0,301.0
seasonal_naive_7d,2,2023-04-05,2023-05-11,36,741.0,1184.3800000000047,-443.38000000000466
seasonal_naive_7d,2,2023-04-05,2023-05-12,37,480.0,1586.5,-1106.5
seasonal_naive_7d,2,2023-04-05,2023-05-13,38,519.0,549.0,-30.0
seasonal_naive_7d,2,2023-04-05,2023-05-14,39,614.0,769.0,-155.0
seasonal_naive_7d,2,2023-04-05,2023-05-15,40,-7686.940000000002,736.0,-8422.940000000002
seasonal_naive_7d,2,2023-04-05,2023-05-16,41,608.0,576.0,32.0
seasonal_naive_7d,2,2023-04-05,2023-05-17,42,439.0,453.0,-14.0
seasonal_naive_7d,2,2023-04-05,2023-05-18,43,680.0,1184.3800000000047,-504.38000000000466
seasonal_naive_7d,2,2023-04-05,2023-05-19,44,645.0,1586.5,-941.5
seasonal_naive_7d,2,2023-04-05,2023-05-20,45,275.0,549.0,-274.0
seasonal_naive_7d,2,2023-04-05,2023-05-21,46,497.0,769.0,-272.0
seasonal_naive_7d,2,2023-04-05,2023-05-22,47,-213.04000000000815,736.0,-949.0400000000081
seasonal_naive_7d,2,2023-04-05,2023-05-23,48,72.0,576.0,-504.0
seasonal_naive_7d,2,2023-04-05,2023-05-24,49,433.0,453.0,-20.0
seasonal_naive_7d,2,2023-04-05,2023-05-25,50,552.0,1184.3800000000047,-632.3800000000047
seasonal_naive_7d,2,2023-04-05,2023-05-26,51,475.0,1586.5,-1111.5
seasonal_naive_7d,2,2023-04-05,2023-05-27,52,2183.7700000000186,549.0,1634.7700000000186
seasonal_naive_7d,2,2023-04-05,2023-05-28,53,686.0,769.0,-83.0
seasonal_naive_7d,2,2023-04-05,2023-05-29,54,105.0,736.0,-631.0
seasonal_naive_7d,2,2023-04-05,2023-05-30,55,636.0,576.0,60.0
seasonal_naive_7d,2,2023-04-05,2023-05-31,56,793.0,453.0,340.0
seasonal_naive_7d,2,2023-04-05,2023-06-01,57,589.0,1184.3800000000047,-595.3800000000047
seasonal_naive_7d,2,2023-04-05,2023-06-02,58,463.0,1586.5,-1123.5
seasonal_naive_7d,2,2023-04-05,2023-06-03,59,709.0,549.0,160.0
seasonal_naive_7d,2,2023-04-05,2023-06-04,60,236.0,769.0,-533.0
seasonal_naive_7d,2,2023-04-05,2023-06-05,61,428.0,736.0,-308.0
seasonal_naive_7d,2,2023-04-05,2023-06-06,62,695.0,576.0,119.0
seasonal_naive_7d,2,2023-04-05,2023-06-07,63,563.0,453.0,110.0
seasonal_naive_7d,2,2023-04-05,2023-06-08,64,-1410.8699999999953,1184.3800000000047,-2595.25
seasonal_naive_7d,2,2023-04-05,2023-06-09,65,709.0,1586.5,-877.5
seasonal_naive_7d,2,2023-04-05,2023-06-10,66,510.0,549.0,-39.0
seasonal_naive_7d,2,2023-04-05,2023-06-11,67,468.0,769.0,-301.0
seasonal_naive_7d,2,2023-04-05,2023-06-12,68,-19098.0,736.0,-19834.0
seasonal_naive_7d,2,2023-04-05,2023-06-13,69,626.0,576.0,50.0
seasonal_naive_7d,2,2023-04-05,2023-06-14,70,736.0,453.0,283.0
seasonal_naive_7d,2,2023-04-05,2023-06-15,71,-7577.370000000024,1184.3800000000047,-8761.75000000003
seasonal_naive_7d,2,2023-04-05,2023-06-16,72,356.0,1586.5,-1230.5
seasonal_naive_7d,2,2023-04-05,2023-06-17,73,616.0,549.0,67.0
seasonal_naive_7d,2,2023-04-05,2023-06-18,74,503.0,769.0,-266.0
seasonal_naive_7d,2,2023-04-05,2023-06-19,75,110.0,736.0,-626.0
seasonal_naive_7d,2,2023-04-05,2023-06-20,76,-379.0,576.0,-955.0
seasonal_naive_7d,2,2023-04-05,2023-06-21,77,501.0,453.0,48.0
seasonal_naive_7d,2,2023-04-05,2023-06-22,78,-729.25,1184.3800000000047,-1913.6300000000047
seasonal_naive_7d,2,2023-04-05,2023-06-23,79,275.0,1586.5,-1311.5
seasonal_naive_7d,2,2023-04-05,2023-06-24,80,710.0,549.0,161.0
seasonal_naive_7d,2,2023-04-05,2023-06-25,81,411.0,769.0,-358.0
seasonal_naive_7d,2,2023-04-05,2023-06-26,82,615.0,736.0,-121.0
seasonal_naive_7d,2,2023-04-05,2023-06-27,83,548.0,576.0,-28.0
seasonal_naive_7d,2,2023-04-05,2023-06-28,84,773.0,453.0,320.0
seasonal_naive_7d,2,2023-04-05,2023-06-29,85,599.0,1184.3800000000047,-585.3800000000047
seasonal_naive_7d,2,2023-04-05,2023-06-30,86,488.0,1586.5,-1098.5
seasonal_naive_7d,2,2023-04-05,2023-07-01,87,558.0,549.0,9.0
seasonal_naive_7d,2,2023-04-05,2023-07-02,88,864.0,769.0,95.0
seasonal_naive_7d,2,2023-04-05,2023-07-03,89,235.0,736.0,-501.0
seasonal_naive_7d,2,2023-04-05,2023-07-04,90,698.0,576.0,122.0
seasonal_naive_7d,3,2023-07-04,2023-07-05,1,781.0,773.0,8.0
seasonal_naive_7d,3,2023-07-04,2023-07-06,2,749.0,599.0,150.0
seasonal_naive_7d,3,2023-07-04,2023-07-07,3,834.0,488.0,346.0
seasonal_naive_7d,3,2023-07-04,2023-07-08,4,-3991.0,558.0,-4549.0
seasonal_naive_7d,3,2023-07-04,2023-07-09,5,-1905.2399999999907,864.0,-2769.2399999999907
seasonal_naive_7d,3,2023-07-04,2023-07-10,6,581.0,235.0,346.0
seasonal_naive_7d,3,2023-07-04,2023-07-11,7,871.0,698.0,173.0
seasonal_naive_7d,3,2023-07-04,2023-07-12,8,901.0,773.0,128.0
seasonal_naive_7d,3,2023-07-04,2023-07-13,9,344.0,599.0,-255.0
seasonal_naive_7d,3,2023-07-04,2023-07-14,10,410.0,488.0,-78.0
seasonal_naive_7d,3,2023-07-04,2023-07-15,11,-7613.690000000002,558.0,-8171.690000000002
seasonal_naive_7d,3,2023-07-04,2023-07-16,12,973.0,864.0,109.0
seasonal_naive_7d,3,2023-07-04,2023-07-17,13,863.0,235.0,628.0
seasonal_naive_7d,3,2023-07-04,2023-07-18,14,875.0,698.0,177.0
seasonal_naive_7d,3,2023-07-04,2023-07-19,15,848.0,773.0,75.0
seasonal_naive_7d,3,2023-07-04,2023-07-20,16,-154.0,599.0,-753.0
seasonal_naive_7d,3,2023-07-04,2023-07-21,17,515.0,488.0,27.0
seasonal_naive_7d,3,2023-07-04,2023-07-22,18,-1205.8299999999872,558.0,-1763.8299999999872
seasonal_naive_7d,3,2023-07-04,2023-07-23,19,810.0,864.0,-54.0
seasonal_naive_7d,3,2023-07-04,2023-07-24,20,-529.0,235.0,-764.0
seasonal_naive_7d,3,2023-07-04,2023-07-25,21,640.0,698.0,-58.0
seasonal_naive_7d,3,2023-07-04,2023-07-26,22,595.0,773.0,-178.0
seasonal_naive_7d,3,2023-07-04,2023-07-27,23,410.0,599.0,-189.0
seasonal_naive_7d,3,2023-07-04,2023-07-28,24,641.0,488.0,153.0
seasonal_naive_7d,3,2023-07-04,2023-07-29,25,771.0,558.0,213.0
seasonal_naive_7d,3,2023-07-04,2023-07-30,26,738.0,864.0,-126.0
seasonal_naive_7d,3,2023-07-04,2023-07-31,27,913.0,235.0,678.0
seasonal_naive_7d,3,2023-07-04,2023-08-01,28,858.0,698.0,160.0
seasonal_naive_7d,3,2023-07-04,2023-08-02,29,564.0,773.0,-209.0
seasonal_naive_7d,3,2023-07-04,2023-08-03,30,502.0,599.0,-97.0
seasonal_naive_7d,3,2023-07-04,2023-08-04,31,875.0,488.0,387.0
seasonal_naive_7d,3,2023-07-04,2023-08-05,32,823.0,558.0,265.0
seasonal_naive_7d,3,2023-07-04,2023-08-06,33,500.0,864.0,-364.0
seasonal_naive_7d,3,2023-07-04,2023-08-07,34,495.0,235.0,260.0
seasonal_naive_7d,3,2023-07-04,2023-08-08,35,-1900.0599999999977,698.0,-2598.0599999999977
seasonal_naive_7d,3,2023-07-04,2023-08-09,36,639.0,773.0,-134.0
seasonal_naive_7d,3,2023-07-04,2023-08-10,37,792.0,599.0,193.0
seasonal_naive_7d,3,2023-07-04,2023-08-11,38,926.0,488.0,438.0
seasonal_naive_7d,3,2023-07-04,2023-08-12,39,794.0,558.0,236.0
seasonal_naive_7d,3,2023-07-04,2023-08-13,40,801.0,864.0,-63.0
seasonal_naive_7d,3,2023-07-04,2023-08-14,41,561.0,235.0,326.0
seasonal_naive_7d,3,2023-07-04,2023-08-15,42,-7791.25,698.0,-8489.25
seasonal_naive_7d,3,2023-07-04,2023-08-16,43,759.0,773.0,-14.0
seasonal_naive_7d,3,2023-07-04,2023-08-17,44,647.0,599.0,48.0
seasonal_naive_7d,3,2023-07-04,2023-08-18,45,809.0,488.0,321.0
seasonal_naive_7d,3,2023-07-04,2023-08-19,46,786.0,558.0,228.0
seasonal_naive_7d,3,2023-07-04,2023-08-20,47,-288.0,864.0,-1152.0
seasonal_naive_7d,3,2023-07-04,2023-08-21,48,740.0,235.0,505.0
seasonal_naive_7d,3,2023-07-04,2023-08-22,49,-254.18000000002212,698.0,-952.1800000000221
seasonal_naive_7d,3,2023-07-04,2023-08-23,50,3469.310000000027,773.0,2696.310000000027
seasonal_naive_7d,3,2023-07-04,2023-08-24,51,714.0,599.0,115.0
seasonal_naive_7d,3,2023-07-04,2023-08-25,52,598.0,488.0,110.0
seasonal_naive_7d,3,2023-07-04,2023-08-26,53,463.0,558.0,-95.0
seasonal_naive_7d,3,2023-07-04,2023-08-27,54,561.0,864.0,-303.0
seasonal_naive_7d,3,2023-07-04,2023-08-28,55,502.0,235.0,267.0
seasonal_naive_7d,3,2023-07-04,2023-08-29,56,985.0,698.0,287.0
seasonal_naive_7d,3,2023-07-04,2023-08-30,57,880.0,773.0,107.0
seasonal_naive_7d,3,2023-07-04,2023-08-31,58,828.0,599.0,229.0
seasonal_naive_7d,3,2023-07-04,2023-09-01,59,852.0,488.0,364.0
seasonal_naive_7d,3,2023-07-04,2023-09-02,60,586.0,558.0,28.0
seasonal_naive_7d,3,2023-07-04,2023-09-03,61,1108.0,864.0,244.0
seasonal_naive_7d,3,2023-07-04,2023-09-04,62,869.0,235.0,634.0
seasonal_naive_7d,3,2023-07-04,2023-09-05,63,739.0,698.0,41.0
seasonal_naive_7d,3,2023-07-04,2023-09-06,64,871.0,773.0,98.0
seasonal_naive_7d,3,2023-07-04,2023-09-07,65,952.0,599.0,353.0
seasonal_naive_7d,3,2023-07-04,2023-09-08,66,-2244.5100000000093,488.0,-2732.5100000000093
seasonal_naive_7d,3,2023-07-04,2023-09-09,67,1152.0,558.0,594.0
seasonal_naive_7d,3,2023-07-04,2023-09-10,68,813.0,864.0,-51.0
seasonal_naive_7d,3,2023-07-04,2023-09-11,69,437.0,235.0,202.0
seasonal_naive_7d,3,2023-07-04,2023-09-12,70,814.0,698.0,116.0
seasonal_naive_7d,3,2023-07-04,2023-09-13,71,755.0,773.0,-18.0
seasonal_naive_7d,3,2023-07-04,2023-09-14,72,739.0,599.0,140.0
seasonal_naive_7d,3,2023-07-04,2023-09-15,73,-7747.059999999998,488.0,-8235.059999999998
seasonal_naive_7d,3,2023-07-04,2023-09-16,74,915.0,558.0,357.0
seasonal_naive_7d,3,2023-07-04,2023-09-17,75,7425.8399999999965,864.0,6561.8399999999965
seasonal_naive_7d,3,2023-07-04,2023-09-18,76,758.0,235.0,523.0
seasonal_naive_7d,3,2023-07-04,2023-09-19,77,868.0,698.0,170.0
seasonal_naive_7d,3,2023-07-04,2023-09-20,78,744.0,773.0,-29.0
seasonal_naive_7d,3,2023-07-04,2023-09-21,79,615.0,599.0,16.0
seasonal_naive_7d,3,2023-07-04,2023-09-22,80,-1373.679999999993,488.0,-1861.679999999993
seasonal_naive_7d,3,2023-07-04,2023-09-23,81,744.0,558.0,186.0
seasonal_naive_7d,3,2023-07-04,2023-09-24,82,1198.0,864.0,334.0
seasonal_naive_7d,3,2023-07-04,2023-09-25,83,663.0,235.0,428.0
seasonal_naive_7d,3,2023-07-04,2023-09-26,84,857.0,698.0,159.0
seasonal_naive_7d,3,2023-07-04,2023-09-27,85,781.0,773.0,8.0
seasonal_naive_7d,3,2023-07-04,2023-09-28,86,905.0,599.0,306.0
seasonal_naive_7d,3,2023-07-04,2023-09-29,87,1155.8999999999942,488.0,667.8999999999942
seasonal_naive_7d,3,2023-07-04,2023-09-30,88,745.0,558.0,187.0
seasonal_naive_7d,3,2023-07-04,2023-10-01,89,932.0,864.0,68.0
seasonal_naive_7d,3,2023-07-04,2023-10-02,90,1329.4400000000023,235.0,1094.4400000000023
SARIMA_100_100_7,1,2023-01-05,2023-01-06,1,1140.0,423.3978437986009,716.6021562013991
SARIMA_100_100_7,1,2023-01-05,2023-01-07,2,902.0,463.564663055316,438.435336944684
SARIMA_100_100_7,1,2023-01-05,2023-01-08,3,-2416.540000000008,494.10279663598067,-2910.642796635989
SARIMA_100_100_7,1,2023-01-05,2023-01-09,4,615.0,594.5771810778751,20.42281892212486
SARIMA_100_100_7,1,2023-01-05,2023-01-10,5,1426.2900000000081,644.1591906522309,782.1308093477772
SARIMA_100_100_7,1,2023-01-05,2023-01-11,6,650.0,658.8183835328002,-8.818383532800226
SARIMA_100_100_7,1,2023-01-05,2023-01-12,7,626.0,709.2631983145887,-83.26319831458875
SARIMA_100_100_7,1,2023-01-05,2023-01-13,8,1190.0,380.89670186944585,809.1032981305541
SARIMA_100_100_7,1,2023-01-05,2023-01-14,9,1089.0,398.214717063508,690.785282936492
SARIMA_100_100_7,1,2023-01-05,2023-01-15,10,-8177.5199999999895,411.38130259730144,-8588.90130259729
SARIMA_100_100_7,1,2023-01-05,2023-01-16,11,1620.0899999999965,454.70106125948325,1165.3889387405134
SARIMA_100_100_7,1,2023-01-05,2023-01-17,12,712.0,476.0784571069717,235.9215428930283
SARIMA_100_100_7,1,2023-01-05,2023-01-18,13,783.0,482.3988013548719,300.6011986451281
SARIMA_100_100_7,1,2023-01-05,2023-01-19,14,436.0,504.1481976238218,-68.14819762382177
SARIMA_100_100_7,1,2023-01-05,2023-01-20,15,1098.0,362.5722381614744,735.4277618385256
SARIMA_100_100_7,1,2023-01-05,2023-01-21,16,1118.0,370.0389396783037,747.9610603216963
SARIMA_100_100_7,1,2023-01-05,2023-01-22,17,-1363.0200000000186,375.71574288438615,-1738.7357428844048
SARIMA_100_100_7,1,2023-01-05,2023-01-23,18,485.0,394.3931550524096,90.60684494759039
SARIMA_100_100_7,1,2023-01-05,2023-01-24,19,1033.0,403.6100677419786,629.3899322580214
SARIMA_100_100_7,1,2023-01-05,2023-01-25,20,1158.0,406.33509849485966,751.6649015051403
SARIMA_100_100_7,1,2023-01-05,2023-01-26,21,775.0,415.712400009595,359.287599990405
SARIMA_100_100_7,1,2023-01-05,2023-01-27,22,700.0,354.67160408590746,345.32839591409254
SARIMA_100_100_7,1,2023-01-05,2023-01-28,23,1277.1500000000233,357.8908893744743,919.259110625549
SARIMA_100_100_7,1,2023-01-05,2023-01-29,24,1060.0,360.3384559480462,699.6615440519538
SARIMA_100_100_7,1,2023-01-05,2023-01-30,25,345.0,368.39126455242035,-23.391264552420353
SARIMA_100_100_7,1,2023-01-05,2023-01-31,26,704.0,372.3651573564459,331.6348426435541
SARIMA_100_100_7,1,2023-01-05,2023-02-01,27,777.0,373.54006054413446,403.45993945586554
SARIMA_100_100_7,1,2023-01-05,2023-02-02,28,831.0,377.5831053537872,453.4168946462128
SARIMA_100_100_7,1,2023-01-05,2023-02-03,29,741.0,351.2652277907663,389.7347722092337
SARIMA_100_100_7,1,2023-01-05,2023-02-04,30,995.0,352.65322994216115,642.3467700578389
SARIMA_100_100_7,1,2023-01-05,2023-02-05,31,803.0,353.70850381983377,449.29149618016623
SARIMA_100_100_7,1,2023-01-05,2023-02-06,32,878.0,357.1804905081023,520.8195094918976
SARIMA_100_100_7,1,2023-01-05,2023-02-07,33,1052.0,358.8938434007425,693.1061565992575
SARIMA_100_100_7,1,2023-01-05,2023-02-08,34,-2139.9400000000023,359.40040557402494,-2499.3404055740275
SARIMA_100_100_7,1,2023-01-05,2023-02-09,35,844.0,361.1435735106828,482.8564264893172
SARIMA_100_100_7,1,2023-01-05,2023-02-10,36,1149.0,349.79656092768704,799.2034390723129
SARIMA_100_100_7,1,2023-01-05,2023-02-11,37,803.0,350.3950012023402,452.6049987976598
SARIMA_100_100_7,1,2023-01-05,2023-02-12,38,505.0,350.8499849273683,154.15001507263167
SARIMA_100_100_7,1,2023-01-05,2023-02-13,39,1090.0,352.3469398602058,737.6530601397942
SARIMA_100_100_7,1,2023-01-05,2023-02-14,40,-7873.0,353.0856558446292,-8226.085655844628
SARIMA_100_100_7,1,2023-01-05,2023-02-15,41,-7619.630000000005,353.30406127419093,-7972.934061274195
SARIMA_100_100_7,1,2023-01-05,2023-02-16,42,1343.2699999999895,354.0556320824435,989.214367917546
SARIMA_100_100_7,1,2023-01-05,2023-02-17,43,660.0,349.1633418796964,310.8366581203036
SARIMA_100_100_7,1,2023-01-05,2023-02-18,44,1184.0,349.42136076098353,834.5786392390164
SARIMA_100_100_7,1,2023-01-05,2023-02-19,45,803.0,349.61752802563433,453.38247197436567
SARIMA_100_100_7,1,2023-01-05,2023-02-20,46,709.0,350.26294353903995,358.73705646096005
SARIMA_100_100_7,1,2023-01-05,2023-02-21,47,1029.0,350.58144261064785,678.4185573893521
SARIMA_100_100_7,1,2023-01-05,2023-02-22,48,-994.9599999999919,350.6756086068038,-1345.6356086067956
SARIMA_100_100_7,1,2023-01-05,2023-02-23,49,1002.0,350.99965006485195,651.000349935148
SARIMA_100_100_7,1,2023-01-05,2023-02-24,50,915.0,348.8903280514295,566.1096719485705
SARIMA_100_100_7,1,2023-01-05,2023-02-25,51,714.0,349.0015734771141,364.9984265228859
SARIMA_100_100_7,1,2023-01-05,2023-02-26,52,960.0,349.0861514380471,610.9138485619528
SARIMA_100_100_7,1,2023-01-05,2023-02-27,53,1023.0,349.3644238000314,673.6355761999687
SARIMA_100_100_7,1,2023-01-05,2023-02-28,54,615.0,349.5017453969023,265.4982546030977
SARIMA_100_100_7,1,2023-01-05,2023-03-01,55,691.0,349.5423452796517,341.4576547203483
SARIMA_100_100_7,1,2023-01-05,2023-03-02,56,682.0,349.68205648900283,332.31794351099717
SARIMA_100_100_7,1,2023-01-05,2023-03-03,57,410.0,348.77261752035565,61.22738247964435
SARIMA_100_100_7,1,2023-01-05,2023-03-04,58,1654.3899999999849,348.82058123787135,1305.5694187621134
SARIMA_100_100_7,1,2023-01-05,2023-03-05,59,599.0,348.857047217495,250.142952782505
SARIMA_100_100_7,1,2023-01-05,2023-03-06,60,745.0,348.9770249773039,396.0229750226961
SARIMA_100_100_7,1,2023-01-05,2023-03-07,61,795.0,349.03623149515016,445.96376850484984
SARIMA_100_100_7,1,2023-01-05,2023-03-08,62,-1790.7399999999907,349.0537362266515,-2139.793736226642
SARIMA_100_100_7,1,2023-01-05,2023-03-09,63,510.0,349.11397303133674,160.88602696866326
SARIMA_100_100_7,1,2023-01-05,2023-03-10,64,570.0,348.7218663579929,221.2781336420071
SARIMA_100_100_7,1,2023-01-05,2023-03-11,65,755.0,348.74254602355006,406.25745397644994
SARIMA_100_100_7,1,2023-01-05,2023-03-12,66,532.0,348.7582684133457,183.24173158665428
SARIMA_100_100_7,1,2023-01-05,2023-03-13,67,7.0,348.80999709651826,-341.80999709651826
SARIMA_100_100_7,1,2023-01-05,2023-03-14,68,491.0,348.8355241209293,142.16447587907072
SARIMA_100_100_7,1,2023-01-05,2023-03-15,69,-7485.299999999988,348.84307132560537,-7834.143071325594
SARIMA_100_100_7,1,2023-01-05,2023-03-16,70,32.0,348.869042560523,-316.869042560523
SARIMA_100_100_7,1,2023-01-05,2023-03-17,71,211.0,348.69998487926983,-137.69998487926983
SARIMA_100_100_7,1,2023-01-05,2023-03-18,72,581.0,348.7089009639627,232.29109903603728
SARIMA_100_100_7,1,2023-01-05,2023-03-19,73,400.0,348.71567970797116,51.28432029202884
SARIMA_100_100_7,1,2023-01-05,2023-03-20,74,454.0,348.73798264700775,105.26201735299225
SARIMA_100_100_7,1,2023-01-05,2023-03-21,75,798.0,348.7489886814612,449.2510113185388
SARIMA_100_100_7,1,2023-01-05,2023-03-22,76,-821.1600000000035,348.75224267586935,-1169.912242675873
SARIMA_100_100_7,1,2023-01-05,2023-03-23,77,322.0,348.76344023268985,-26.763440232689845
SARIMA_100_100_7,1,2023-01-05,2023-03-24,78,424.0,348.69055063010546,75.30944936989454
SARIMA_100_100_7,1,2023-01-05,2023-03-25,79,693.0,348.69439482023665,344.30560517976335
SARIMA_100_100_7,1,2023-01-05,2023-03-26,80,609.0,348.6973174910857,260.3026825089143
SARIMA_100_100_7,1,2023-01-05,2023-03-27,81,746.0,348.7069334538198,397.2930665461802
SARIMA_100_100_7,1,2023-01-05,2023-03-28,82,763.0,348.71167873052883,414.28832126947117
SARIMA_100_100_7,1,2023-01-05,2023-03-29,83,302.0,348.71308169759584,-46.71308169759584
SARIMA_100_100_7,1,2023-01-05,2023-03-30,84,1184.3800000000047,348.7179095496077,835.6620904503969
SARIMA_100_100_7,1,2023-01-05,2023-03-31,85,1586.5,348.6864830321876,1237.8135169678123
SARIMA_100_100_7,1,2023-01-05,2023-04-01,86,549.0,348.68814046347876,200.31185953652124
SARIMA_100_100_7,1,2023-01-05,2023-04-02,87,769.0,348.689400579642,420.310599420358
SARIMA_100_100_7,1,2023-01-05,2023-04-03,88,736.0,348.69354652377757,387.30645347622243
SARIMA_100_100_7,1,2023-01-05,2023-04-04,89,576.0,348.69559246058986,227.30440753941014
SARIMA_100_100_7,1,2023-01-05,2023-04-05,90,453.0,348.6961973530218,104.30380264697823
SARIMA_100_100_7,2,2023-04-05,2023-04-06,1,726.0,676.5845578547722,49.41544214522776
SARIMA_100_100_7,2,2023-04-05,2023-04-07,2,540.0,835.554128575449,-295.554128575449
SARIMA_100_100_7,2,2023-04-05,2023-04-08,3,-1442.8500000000058,417.28025530070875,-1860.1302553007145
SARIMA_100_100_7,2,2023-04-05,2023-04-09,4,717.0,505.957120557716,211.042879442284
SARIMA_100_100_7,2,2023-04-05,2023-04-10,5,684.0,492.65528891070903,191.34471108929097
SARIMA_100_100_7,2,2023-04-05,2023-04-11,6,685.0,428.1617577885902,256.8382422114098
SARIMA_100_100_7,2,2023-04-05,2023-04-12,7,241.0,378.58235646073416,-137.58235646073416
SARIMA_100_100_7,2,2023-04-05,2023-04-13,8,574.0,468.70584035837174,105.29415964162826
SARIMA_100_100_7,2,2023-04-05,2023-04-14,9,512.0,532.7840203749372,-20.7840203749372
SARIMA_100_100_7,2,2023-04-05,2023-04-15,10,-7489.799999999988,364.1842787613416,-7853.98427876133
SARIMA_100_100_7,2,2023-04-05,2023-04-16,11,377.0,399.9285542820233,-22.9285542820233
SARIMA_100_100_7,2,2023-04-05,2023-04-17,12,49.0,394.5667912794371,-345.5667912794371
SARIMA_100_100_7,2,2023-04-05,2023-04-18,13,765.0,368.57044444140416,396.42955555859584
SARIMA_100_100_7,2,2023-04-05,2023-04-19,14,486.0,348.58575310080334,137.41424689919666
SARIMA_100_100_7,2,2023-04-05,2023-04-20,15,687.0,384.9131382647294,302.0868617352706
SARIMA_100_100_7,2,2023-04-05,2023-04-21,16,748.0,410.7420634836999,337.2579365163001
SARIMA_100_100_7,2,2023-04-05,2023-04-22,17,-768.5600000000268,342.782110236752,-1111.3421102367788
SARIMA_100_100_7,2,2023-04-05,2023-04-23,18,501.0,357.1900759310224,143.80992406897758
SARIMA_100_100_7,2,2023-04-05,2023-04-24,19,331.0,355.02883203177566,-24.028832031775664
SARIMA_100_100_7,2,2023-04-05,2023-04-25,20,450.0,344.55010591514144,105.44989408485856
SARIMA_100_100_7,2,2023-04-05,2023-04-26,21,468.0,336.49458533033174,131.50541466966826
SARIMA_100_100_7,2,2023-04-05,2023-04-27,22,799.0,351.1375935205958,447.8624064794042
SARIMA_100_100_7,2,2023-04-05,2023-04-28,23,67.0,361.54883456699724,-294.54883456699724
SARIMA_100_100_7,2,2023-04-05,2023-04-29,24,406.0,334.15522648002667,71.84477351997333
SARIMA_100_100_7,2,2023-04-05,2023-04-30,25,560.0,339.9628550421768,220.03714495782322
SARIMA_100_100_7,2,2023-04-05,2023-05-01,26,411.0,339.091690988529,71.90830901147098
SARIMA_100_100_7,2,2023-04-05,2023-05-02,27,587.0,334.86787824624065,252.13212175375935
SARIMA_100_100_7,2,2023-04-05,2023-05-03,28,784.0,331.6208222479096,452.3791777520904
SARIMA_100_100_7,2,2023-04-05,2023-05-04,29,410.0,337.5231928119507,72.47680718804929
SARIMA_100_100_7,2,2023-04-05,2023-05-05,30,1649.5299999999988,341.7198033641646,1307.8101966358342
SARIMA_100_100_7,2,2023-04-05,2023-05-06,31,518.0,330.67786280696976,187.32213719303024
SARIMA_100_100_7,2,2023-04-05,2023-05-07,32,660.0,333.018828230653,326.981171769347
SARIMA_100_100_7,2,2023-04-05,2023-05-08,33,-1512.0799999999872,332.6676754483907,-1844.7476754483778
SARIMA_100_100_7,2,2023-04-05,2023-05-09,34,625.0,330.96512173304956,294.03487826695044
SARIMA_100_100_7,2,2023-04-05,2023-05-10,35,754.0,329.65628358344827,424.34371641655173
SARIMA_100_100_7,2,2023-04-05,2023-05-11,36,741.0,332.03543804560456,408.96456195439544
SARIMA_100_100_7,2,2023-04-05,2023-05-12,37,480.0,333.7270269780345,146.27297302196553
SARIMA_100_100_7,2,2023-04-05,2023-05-13,38,519.0,329.27619118884115,189.72380881115885
SARIMA_100_100_7,2,2023-04-05,2023-05-14,39,614.0,330.21979821470984,283.78020178529016
SARIMA_100_100_7,2,2023-04-05,2023-05-15,40,-7686.940000000002,330.0782539487656,-8017.018253948768
SARIMA_100_100_7,2,2023-04-05,2023-05-16,41,608.0,329.3919808276586,278.6080191723414
SARIMA_100_100_7,2,2023-04-05,2023-05-17,42,439.0,328.86440837349323,110.13559162650677
SARIMA_100_100_7,2,2023-04-05,2023-05-18,43,680.0,329.8234088112636,350.1765911887364
SARIMA_100_100_7,2,2023-04-05,2023-05-19,44,645.0,330.50526219763753,314.49473780236247
SARIMA_100_100_7,2,2023-04-05,2023-05-20,45,275.0,328.7111989965405,-53.711198996540475
SARIMA_100_100_7,2,2023-04-05,2023-05-21,46,497.0,329.09155242263586,167.90844757736414
SARIMA_100_100_7,2,2023-04-05,2023-05-22,47,-213.04000000000815,329.0344981139882,-542.0744981139964
SARIMA_100_100_7,2,2023-04-05,2023-05-23,48,72.0,328.7578720125558,-256.7578720125558
SARIMA_100_100_7,2,2023-04-05,2023-05-24,49,433.0,328.5452157001777,104.45478429982228
SARIMA_100_100_7,2,2023-04-05,2023-05-25,50,552.0,328.93177397298956,223.06822602701044
SARIMA_100_100_7,2,2023-04-05,2023-05-26,51,475.0,329.2066185475764,145.7933814524236
SARIMA_100_100_7,2,2023-04-05,2023-05-27,52,2183.7700000000186,328.4834593653515,1855.286540634667
SARIMA_100_100_7,2,2023-04-05,2023-05-28,53,686.0,328.6367739600678,357.3632260399322
SARIMA_100_100_7,2,2023-04-05,2023-05-29,54,105.0,328.6137762489733,-223.6137762489733
SARIMA_100_100_7,2,2023-04-05,2023-05-30,55,636.0,328.50227253763717,307.49772746236283
SARIMA_100_100_7,2,2023-04-05,2023-05-31,56,793.0,328.4165540607963,464.5834459392037
SARIMA_100_100_7,2,2023-04-05,2023-06-01,57,589.0,328.57236973344254,260.42763026655746
SARIMA_100_100_7,2,2023-04-05,2023-06-02,58,463.0,328.68315533880786,134.31684466119214
SARIMA_100_100_7,2,2023-04-05,2023-06-03,59,709.0,328.3916610355322,380.6083389644678
SARIMA_100_100_7,2,2023-04-05,2023-06-04,60,236.0,328.45345978201476,-92.45345978201476
SARIMA_100_100_7,2,2023-04-05,2023-06-05,61,428.0,328.4441897596777,99.55581024032227
SARIMA_100_100_7,2,2023-04-05,2023-06-06,62,695.0,328.3992443348702,366.6007556651298
SARIMA_100_100_7,2,2023-04-05,2023-06-07,63,563.0,328.3646925400528,234.63530745994723
SARIMA_100_100_7,2,2023-04-05,2023-06-08,64,-1410.8699999999953,328.42749943244087,-1739.2974994324363
SARIMA_100_100_7,2,2023-04-05,2023-06-09,65,709.0,328.47215539981664,380.52784460018336
SARIMA_100_100_7,2,2023-04-05,2023-06-10,66,510.0,328.35465854583117,181.64534145416883
SARIMA_100_100_7,2,2023-04-05,2023-06-11,67,468.0,328.37956866657913,139.62043133342087
SARIMA_100_100_7,2,2023-04-05,2023-06-12,68,-19098.0,328.37583206367225,-19426.375832063673
SARIMA_100_100_7,2,2023-04-05,2023-06-13,69,626.0,328.35771525673437,297.64228474326563
SARIMA_100_100_7,2,2023-04-05,2023-06-14,70,736.0,328.34378796160377,407.65621203839623
SARIMA_100_100_7,2,2023-04-05,2023-06-15,71,-7577.370000000024,328.369104450404,-7905.739104450428
SARIMA_100_100_7,2,2023-04-05,2023-06-16,72,356.0,328.3871045815193,27.61289541848072
SARIMA_100_100_7,2,2023-04-05,2023-06-17,73,616.0,328.33974341342326,287.66025658657674
SARIMA_100_100_7,2,2023-04-05,2023-06-18,74,503.0,328.34978429857057,174.65021570142943
SARIMA_100_100_7,2,2023-04-05,2023-06-19,75,110.0,328.348278131619,-218.348278131619
SARIMA_100_100_7,2,2023-04-05,2023-06-20,76,-379.0,328.34097552640327,-707.3409755264033
SARIMA_100_100_7,2,2023-04-05,2023-06-21,77,501.0,328.33536164872544,172.66463835127456
SARIMA_100_100_7,2,2023-04-05,2023-06-22,78,-729.25,328.3455663345617,-1057.5955663345617
SARIMA_100_100_7,2,2023-04-05,2023-06-23,79,275.0,328.35282190955445,-53.35282190955445
SARIMA_100_100_7,2,2023-04-05,2023-06-24,80,710.0,328.33373135378775,381.66626864621225
SARIMA_100_100_7,2,2023-04-05,2023-06-25,81,411.0,328.337778679594,82.66222132040599
SARIMA_100_100_7,2,2023-04-05,2023-06-26,82,615.0,328.3371715669459,286.6628284330541
SARIMA_100_100_7,2,2023-04-05,2023-06-27,83,548.0,328.3342279995104,219.6657720004896
SARIMA_100_100_7,2,2023-04-05,2023-06-28,84,773.0,328.33196513207736,444.66803486792264
SARIMA_100_100_7,2,2023-04-05,2023-06-29,85,599.0,328.33607848341285,270.66392151658715
SARIMA_100_100_7,2,2023-04-05,2023-06-30,86,488.0,328.3390030936914,159.66099690630858
SARIMA_100_100_7,2,2023-04-05,2023-07-01,87,558.0,328.3313079853541,229.6686920146459
SARIMA_100_100_7,2,2023-04-05,2023-07-02,88,864.0,328.33293939990983,535.6670606000902
SARIMA_100_100_7,2,2023-04-05,2023-07-03,89,235.0,328.33269468217316,-93.33269468217316
SARIMA_100_100_7,2,2023-04-05,2023-07-04,90,698.0,328.3315081755784,369.6684918244216
SARIMA_100_100_7,3,2023-07-04,2023-07-05,1,781.0,419.3972807347788,361.6027192652212
SARIMA_100_100_7,3,2023-07-04,2023-07-06,2,749.0,367.24549943063903,381.75450056936097
SARIMA_100_100_7,3,2023-07-04,2023-07-07,3,834.0,333.18777263446793,500.81222736553207
SARIMA_100_100_7,3,2023-07-04,2023-07-08,4,-3991.0,354.66289279661316,-4345.662892796613
SARIMA_100_100_7,3,2023-07-04,2023-07-09,5,-1905.2399999999907,448.5397794123853,-2353.7797794123762
SARIMA_100_100_7,3,2023-07-04,2023-07-10,6,581.0,255.57062347956648,325.4293765204335
SARIMA_100_100_7,3,2023-07-04,2023-07-11,7,871.0,397.6131023300969,473.3868976699031
SARIMA_100_100_7,3,2023-07-04,2023-07-12,8,901.0,312.141351014912,588.8586489850879
SARIMA_100_100_7,3,2023-07-04,2023-07-13,9,344.0,296.14185146218887,47.85814853781113
SARIMA_100_100_7,3,2023-07-04,2023-07-14,10,410.0,285.69337643380373,124.30662356619627
SARIMA_100_100_7,3,2023-07-04,2023-07-15,11,-7613.690000000002,292.2816686615448,-7905.9716686615475
SARIMA_100_100_7,3,2023-07-04,2023-07-16,12,973.0,321.0818969157015,651.9181030842985
SARIMA_100_100_7,3,2023-07-04,2023-07-17,13,863.0,261.8814276923921,601.1185723076079
SARIMA_100_100_7,3,2023-07-04,2023-07-18,14,875.0,305.4582436708013,569.5417563291987
SARIMA_100_100_7,3,2023-07-04,2023-07-19,15,848.0,279.23660343644923,568.7633965635507
SARIMA_100_100_7,3,2023-07-04,2023-07-20,16,-154.0,274.3281615858299,-428.3281615858299
SARIMA_100_100_7,3,2023-07-04,2023-07-21,17,515.0,271.1227030691135,243.87729693088647
SARIMA_100_100_7,3,2023-07-04,2023-07-22,18,-1205.8299999999872,273.1439068691568,-1478.973906869144
SARIMA_100_100_7,3,2023-07-04,2023-07-23,19,810.0,281.9794485812119,528.020551418788
SARIMA_100_100_7,3,2023-07-04,2023-07-24,20,-529.0,263.81750171815906,-792.8175017181591
SARIMA_100_100_7,3,2023-07-04,2023-07-25,21,640.0,277.1863115712621,362.8136884287379
SARIMA_100_100_7,3,2023-07-04,2023-07-26,22,595.0,269.1418476869982,325.8581523130018
SARIMA_100_100_7,3,2023-07-04,2023-07-27,23,410.0,267.6360004996209,142.36399950037912
SARIMA_100_100_7,3,2023-07-04,2023-07-28,24,641.0,266.6526068202107,374.3473931797893
SARIMA_100_100_7,3,2023-07-04,2023-07-29,25,771.0,267.27268629757623,503.72731370242377
SARIMA_100_100_7,3,2023-07-04,2023-07-30,26,738.0,269.983317500098,468.016682499902
SARIMA_100_100_7,3,2023-07-04,2023-07-31,27,913.0,264.4114644694724,648.5885355305277
SARIMA_100_100_7,3,2023-07-04,2023-08-01,28,858.0,268.5128443632438,589.4871556367561
SARIMA_100_100_7,3,2023-07-04,2023-08-02,29,564.0,266.0449057214632,297.9550942785368
SARIMA_100_100_7,3,2023-07-04,2023-08-03,30,502.0,265.5829310621432,236.4170689378568
SARIMA_100_100_7,3,2023-07-04,2023-08-04,31,875.0,265.28123845758734,609.7187615424127
SARIMA_100_100_7,3,2023-07-04,2023-08-05,32,823.0,265.4714709112576,557.5285290887424
SARIMA_100_100_7,3,2023-07-04,2023-08-06,33,500.0,266.3030578988511,233.69694210114892
SARIMA_100_100_7,3,2023-07-04,2023-08-07,34,495.0,264.59368464558776,230.40631535441224
SARIMA_100_100_7,3,2023-07-04,2023-08-08,35,-1900.0599999999977,265.85193554584487,-2165.9119355458424
SARIMA_100_100_7,3,2023-07-04,2023-08-09,36,639.0,265.0948035321742,373.9051964678258
SARIMA_100_100_7,3,2023-07-04,2023-08-10,37,792.0,264.9530756147315,527.0469243852685
SARIMA_100_100_7,3,2023-07-04,2023-08-11,38,926.0,264.8605201818978,661.1394798181022
SARIMA_100_100_7,3,2023-07-04,2023-08-12,39,794.0,264.9188810658658,529.0811189341342
SARIMA_100_100_7,3,2023-07-04,2023-08-13,40,801.0,265.1740013187764,535.8259986812236
SARIMA_100_100_7,3,2023-07-04,2023-08-14,41,561.0,264.64958746526816,296.35041253473184
SARIMA_100_100_7,3,2023-07-04,2023-08-15,42,-7791.25,265.0356027501244,-8056.285602750125
SARIMA_100_100_7,3,2023-07-04,2023-08-16,43,759.0,264.80332433103393,494.19667566896607
SARIMA_100_100_7,3,2023-07-04,2023-08-17,44,647.0,264.7598440184726,382.2401559815274
SARIMA_100_100_7,3,2023-07-04,2023-08-18,45,809.0,264.73144919533917,544.2685508046609
SARIMA_100_100_7,3,2023-07-04,2023-08-19,46,786.0,264.7493535681831,521.2506464318169
SARIMA_100_100_7,3,2023-07-04,2023-08-20,47,-288.0,264.82762119912996,-552.8276211991299
SARIMA_100_100_7,3,2023-07-04,2023-08-21,48,740.0,264.6667377354239,475.3332622645761
SARIMA_100_100_7,3,2023-07-04,2023-08-22,49,-254.18000000002212,264.7851622881997,-518.9651622882218
SARIMA_100_100_7,3,2023-07-04,2023-08-23,50,3469.310000000027,264.71390223975243,3204.5960977602745
SARIMA_100_100_7,3,2023-07-04,2023-08-24,51,714.0,264.70056303591355,449.29943696408645
SARIMA_100_100_7,3,2023-07-04,2023-08-25,52,598.0,264.69185186730795,333.30814813269205
SARIMA_100_100_7,3,2023-07-04,2023-08-26,53,463.0,264.6973446999235,198.30265530007648
SARIMA_100_100_7,3,2023-07-04,2023-08-27,54,561.0,264.72135620815993,296.27864379184007
SARIMA_100_100_7,3,2023-07-04,2023-08-28,55,502.0,264.6719992189788,237.32800078102122
SARIMA_100_100_7,3,2023-07-04,2023-08-29,56,985.0,264.70833035727907,720.291669642721
SARIMA_100_100_7,3,2023-07-04,2023-08-30,57,880.0,264.686468685736,615.3135313142641
SARIMA_100_100_7,3,2023-07-04,2023-08-31,58,828.0,264.6823763885887,563.3176236114114
SARIMA_100_100_7,3,2023-07-04,2023-09-01,59,852.0,264.6797039134647,587.3202960865353
SARIMA_100_100_7,3,2023-07-04,2023-09-02,60,586.0,264.6813890442652,321.3186109557348
SARIMA_100_100_7,3,2023-07-04,2023-09-03,61,1108.0,264.68875546791713,843.3112445320828
SARIMA_100_100_7,3,2023-07-04,2023-09-04,62,869.0,264.6736133748461,604.3263866251539
SARIMA_100_100_7,3,2023-07-04,2023-09-05,63,739.0,264.68475930345005,474.31524069654995
SARIMA_100_100_7,3,2023-07-04,2023-09-06,64,871.0,264.6780524222021,606.3219475777979
SARIMA_100_100_7,3,2023-07-04,2023-09-07,65,952.0,264.67679695777235,687.3232030422276
SARIMA_100_100_7,3,2023-07-04,2023-09-08,66,-2244.5100000000093,264.67597707658166,-2509.185977076591
SARIMA_100_100_7,3,2023-07-04,2023-09-09,67,1152.0,264.6764940531607,887.3235059468393
SARIMA_100_100_7,3,2023-07-04,2023-09-10,68,813.0,264.67875397773037,548.3212460222696
SARIMA_100_100_7,3,2023-07-04,2023-09-11,69,437.0,264.6741085772233,172.3258914227767
SARIMA_100_100_7,3,2023-07-04,2023-09-12,70,814.0,264.6775280055775,549.3224719944225
SARIMA_100_100_7,3,2023-07-04,2023-09-13,71,755.0,264.67547042018265,490.32452957981735
SARIMA_100_100_7,3,2023-07-04,2023-09-14,72,739.0,264.67508525975126,474.32491474024874
SARIMA_100_100_7,3,2023-07-04,2023-09-15,73,-7747.059999999998,264.67483373068717,-8011.734833730685
SARIMA_100_100_7,3,2023-07-04,2023-09-16,74,915.0,264.6749923324902,650.3250076675098
SARIMA_100_100_7,3,2023-07-04,2023-09-17,75,7425.8399999999965,264.67568564844674,7161.164314351549
SARIMA_100_100_7,3,2023-07-04,2023-09-18,76,758.0,264.67426049897966,493.32573950102034
SARIMA_100_100_7,3,2023-07-04,2023-09-19,77,868.0,264.6753095358688,603.3246904641312
SARIMA_100_100_7,3,2023-07-04,2023-09-20,78,744.0,264.67467829498344,479.32532170501656
SARIMA_100_100_7,3,2023-07-04,2023-09-21,79,615.0,264.6745601326888,350.3254398673112
SARIMA_100_100_7,3,2023-07-04,2023-09-22,80,-1373.679999999993,264.6744829667886,-1638.3544829667817
SARIMA_100_100_7,3,2023-07-04,2023-09-23,81,744.0,264.6745316237934,479.3254683762066
SARIMA_100_100_7,3,2023-07-04,2023-09-24,82,1198.0,264.6747443242624,933.3252556757376
SARIMA_100_100_7,3,2023-07-04,2023-09-25,83,663.0,264.6743071066316,398.3256928933684
SARIMA_100_100_7,3,2023-07-04,2023-09-26,84,857.0,264.6746289377335,592.3253710622665
SARIMA_100_100_7,3,2023-07-04,2023-09-27,85,781.0,264.67443528110255,516.3255647188975
SARIMA_100_100_7,3,2023-07-04,2023-09-28,86,905.0,264.6743990304217,640.3256009695783
SARIMA_100_100_7,3,2023-07-04,2023-09-29,87,1155.8999999999942,264.67437535691033,891.2256246430838
SARIMA_100_100_7,3,2023-07-04,2023-09-30,88,745.0,264.6743902842572,480.3256097157428
SARIMA_100_100_7,3,2023-07-04,2023-10-01,89,932.0,264.6744555380409,667.3255444619591
SARIMA_100_100_7,3,2023-07-04,2023-10-02,90,1329.4400000000023,264.6743214052632,1064.7656785947393
Prophet_flat_calendar,1,2023-01-05,2023-01-06,1,1140.0,725.0419932269114,414.95800677308864
Prophet_flat_calendar,1,2023-01-05,2023-01-07,2,902.0,706.2471128827809,195.75288711721907
Prophet_flat_calendar,1,2023-01-05,2023-01-08,3,-2416.540000000008,750.9078525622474,-3167.4478525622553
Prophet_flat_calendar,1,2023-01-05,2023-01-09,4,615.0,627.6737169791764,-12.673716979176447
Prophet_flat_calendar,1,2023-01-05,2023-01-10,5,1426.2900000000081,522.1298652187636,904.1601347812446
Prophet_flat_calendar,1,2023-01-05,2023-01-11,6,650.0,765.8266865884785,-115.82668658847854
Prophet_flat_calendar,1,2023-01-05,2023-01-12,7,626.0,650.9444742614016,-24.944474261401638
Prophet_flat_calendar,1,2023-01-05,2023-01-13,8,1190.0,709.3337786172926,480.66622138270736
Prophet_flat_calendar,1,2023-01-05,2023-01-14,9,1089.0,690.3351966502008,398.6648033497992
Prophet_flat_calendar,1,2023-01-05,2023-01-15,10,-8177.5199999999895,-7144.684099051374,-1032.8359009486157
Prophet_flat_calendar,1,2023-01-05,2023-01-16,11,1620.0899999999965,611.3685821608867,1008.7214178391098
Prophet_flat_calendar,1,2023-01-05,2023-01-17,12,712.0,505.63532979869836,206.36467020130164
Prophet_flat_calendar,1,2023-01-05,2023-01-18,13,783.0,749.1476315642709,33.85236843572909
Prophet_flat_calendar,1,2023-01-05,2023-01-19,14,436.0,634.0858352344135,-198.08583523441348
Prophet_flat_calendar,1,2023-01-05,2023-01-20,15,1098.0,692.3005443296985,405.6994556703015
Prophet_flat_calendar,1,2023-01-05,2023-01-21,16,1118.0,673.1324075099063,444.86759249009367
Prophet_flat_calendar,1,2023-01-05,2023-01-22,17,-1363.0200000000186,717.429689887984,-2080.4496898880025
Prophet_flat_calendar,1,2023-01-05,2023-01-23,18,485.0,593.8420037296797,-108.84200372967973
Prophet_flat_calendar,1,2023-01-05,2023-01-24,19,1033.0,487.9546127429119,545.0453872570881
Prophet_flat_calendar,1,2023-01-05,2023-01-25,20,1158.0,731.3180078933995,426.68199210660055
Prophet_flat_calendar,1,2023-01-05,2023-01-26,21,775.0,616.1125810202391,158.88741897976092
Prophet_flat_calendar,1,2023-01-05,2023-01-27,22,700.0,674.1889781478701,25.811021852129898
Prophet_flat_calendar,1,2023-01-05,2023-01-28,23,1277.1500000000233,860.2273002189097,416.9226997811136
Prophet_flat_calendar,1,2023-01-05,2023-01-29,24,1060.0,699.0576176243754,360.94238237562456
Prophet_flat_calendar,1,2023-01-05,2023-01-30,25,345.0,575.3478144400623,-230.34781444006228
Prophet_flat_calendar,1,2023-01-05,2023-01-31,26,704.0,469.3437791556303,234.65622084436973
Prophet_flat_calendar,1,2023-01-05,2023-02-01,27,777.0,868.0428971285207,-91.04289712852074
Prophet_flat_calendar,1,2023-01-05,2023-02-02,28,831.0,597.28501346008,233.71498653992
Prophet_flat_calendar,1,2023-01-05,2023-02-03,29,741.0,655.2613850475567,85.7386149524433
Prophet_flat_calendar,1,2023-01-05,2023-02-04,30,995.0,635.8658712030204,359.13412879697955
Prophet_flat_calendar,1,2023-01-05,2023-02-05,31,803.0,679.9468043234045,123.05319567659546
Prophet_flat_calendar,1,2023-01-05,2023-02-06,32,878.0,556.1538606962031,321.8461393037969
Prophet_flat_calendar,1,2023-01-05,2023-02-07,33,1052.0,450.0723647696068,601.9276352303932
Prophet_flat_calendar,1,2023-01-05,2023-02-08,34,-2139.9400000000023,693.2528649459515,-2833.1928649459537
Prophet_flat_calendar,1,2023-01-05,2023-02-09,35,844.0,577.8758071871845,266.1241928128155
Prophet_flat_calendar,1,2023-01-05,2023-02-10,36,1149.0,635.7918883052971,513.2081116947029
Prophet_flat_calendar,1,2023-01-05,2023-02-11,37,803.0,616.3418453288281,186.65815467117193
Prophet_flat_calendar,1,2023-01-05,2023-02-12,38,505.0,660.374026791402,-155.374026791402
Prophet_flat_calendar,1,2023-01-05,2023-02-13,39,1090.0,536.538123405293,553.461876594707
Prophet_flat_calendar,1,2023-01-05,2023-02-14,40,-7873.0,430.4194723316584,-8303.419472331658
Prophet_flat_calendar,1,2023-01-05,2023-02-15,41,-7619.630000000005,-7205.912409380497,-413.717590619508
Prophet_flat_calendar,1,2023-01-05,2023-02-16,42,1343.2699999999895,558.1660605522355,785.103939447754
Prophet_flat_calendar,1,2023-01-05,2023-02-17,43,660.0,616.0624594433602,43.93754055663976
Prophet_flat_calendar,1,2023-01-05,2023-02-18,44,1184.0,596.5985724950153,587.4014275049847
Prophet_flat_calendar,1,2023-01-05,2023-02-19,45,803.0,640.6227523375014,162.37724766249858
Prophet_flat_calendar,1,2023-01-05,2023-02-20,46,709.0,516.784692052252,192.215307947748
Prophet_flat_calendar,1,2023-01-05,2023-02-21,47,1029.0,410.6697294363273,618.3302705636727
Prophet_flat_calendar,1,2023-01-05,2023-02-22,48,-994.9599999999919,653.8284227990957,-1648.7884227990876
Prophet_flat_calendar,1,2023-01-05,2023-02-23,49,1002.0,538.4412245524354,463.5587754475646
Prophet_flat_calendar,1,2023-01-05,2023-02-24,50,915.0,596.3588345103649,318.6411654896351
Prophet_flat_calendar,1,2023-01-05,2023-02-25,51,714.0,576.9219892487987,137.0780107512013
Prophet_flat_calendar,1,2023-01-05,2023-02-26,52,960.0,620.9790333955118,339.0209666044882
Prophet_flat_calendar,1,2023-01-05,2023-02-27,53,1023.0,497.17965030710116,525.8203496928988
Prophet_flat_calendar,1,2023-01-05,2023-02-28,54,615.0,596.4485776904191,18.551422309580857
Prophet_flat_calendar,1,2023-01-05,2023-03-01,55,691.0,789.7649865022422,-98.76498650224221
Prophet_flat_calendar,1,2023-01-05,2023-03-02,56,682.0,518.9869687202267,163.01303127977326
Prophet_flat_calendar,1,2023-01-05,2023-03-03,57,410.0,576.9663758451914,-166.96637584519135
Prophet_flat_calendar,1,2023-01-05,2023-03-04,58,1654.3899999999849,557.5970662914383,1096.7929337085466
Prophet_flat_calendar,1,2023-01-05,2023-03-05,59,599.0,601.7273647014861,-2.727364701486067
Prophet_flat_calendar,1,2023-01-05,2023-03-06,60,745.0,478.0069327540273,266.9930672459727
Prophet_flat_calendar,1,2023-01-05,2023-03-07,61,795.0,372.0210734400571,422.9789265599429
Prophet_flat_calendar,1,2023-01-05,2023-03-08,62,-1790.7399999999907,615.3203068626084,-2406.060306862599
Prophet_flat_calendar,1,2023-01-05,2023-03-09,63,510.0,500.08504384747494,9.914956152525065
Prophet_flat_calendar,1,2023-01-05,2023-03-10,64,570.0,558.1659392479353,11.834060752064715
Prophet_flat_calendar,1,2023-01-05,2023-03-11,65,755.0,538.9036813206103,216.0963186793897
Prophet_flat_calendar,1,2023-01-05,2023-03-12,66,532.0,583.1465630310095,-51.146563031009464
Prophet_flat_calendar,1,2023-01-05,2023-03-13,67,7.0,459.544212743136,-452.544212743136
Prophet_flat_calendar,1,2023-01-05,2023-03-14,68,491.0,353.68189850247654,137.31810149752346
Prophet_flat_calendar,1,2023-01-05,2023-03-15,69,-7485.299999999988,-7282.370938493643,-202.92906150634553
Prophet_flat_calendar,1,2023-01-05,2023-03-16,70,32.0,482.00920146425983,-450.00920146425983
Prophet_flat_calendar,1,2023-01-05,2023-03-17,71,211.0,540.2298064206096,-329.22980642060963
Prophet_flat_calendar,1,2023-01-05,2023-03-18,72,581.0,521.1125656396168,59.88743436038317
Prophet_flat_calendar,1,2023-01-05,2023-03-19,73,400.0,565.5057291735081,-165.50572917350814
Prophet_flat_calendar,1,2023-01-05,2023-03-20,74,454.0,442.05888091546103,11.941119084538968
Prophet_flat_calendar,1,2023-01-05,2023-03-21,75,798.0,336.3572428961289,461.6427571038711
Prophet_flat_calendar,1,2023-01-05,2023-03-22,76,-821.1600000000035,579.9512511150272,-1401.1112511150307
Prophet_flat_calendar,1,2023-01-05,2023-03-23,77,322.0,465.021229168839,-143.021229168839
Prophet_flat_calendar,1,2023-01-05,2023-03-24,78,424.0,523.4177415853875,-99.41774158538749
Prophet_flat_calendar,1,2023-01-05,2023-03-25,79,693.0,504.48138322532566,188.51861677467434
Prophet_flat_calendar,1,2023-01-05,2023-03-26,80,609.0,549.0603506140266,59.93964938597344
Prophet_flat_calendar,1,2023-01-05,2023-03-27,81,746.0,425.8041726629598,320.1958273370402
Prophet_flat_calendar,1,2023-01-05,2023-03-28,82,763.0,525.6374263359932,237.36257366400685
Prophet_flat_calendar,1,2023-01-05,2023-03-29,83,302.0,564.0922557208398,-262.09225572083983
Prophet_flat_calendar,1,2023-01-05,2023-03-30,84,1184.3800000000047,449.36715922760266,735.012840772402
Prophet_flat_calendar,1,2023-01-05,2023-03-31,85,1586.5,507.97322938761465,1078.5267706123855
Prophet_flat_calendar,1,2023-01-05,2023-04-01,86,549.0,644.6978589258629,-95.69785892586287
Prophet_flat_calendar,1,2023-01-05,2023-04-02,87,769.0,534.0486013793395,234.95139862066048
Prophet_flat_calendar,1,2023-01-05,2023-04-03,88,736.0,411.0155005852982,324.9844994147018
Prophet_flat_calendar,1,2023-01-05,2023-04-04,89,576.0,305.73679626627955,270.26320373372045
Prophet_flat_calendar,1,2023-01-05,2023-04-05,90,453.0,549.7627992688216,-96.7627992688216
Prophet_flat_calendar,2,2023-04-05,2023-04-06,1,726.0,461.76353527652475,264.23646472347525
Prophet_flat_calendar,2,2023-04-05,2023-04-07,2,540.0,533.0214128257296,6.9785871742703875
Prophet_flat_calendar,2,2023-04-05,2023-04-08,3,-1442.8500000000058,535.7648682466189,-1978.6148682466246
Prophet_flat_calendar,2,2023-04-05,2023-04-09,4,717.0,437.0663987966051,279.9336012033949
Prophet_flat_calendar,2,2023-04-05,2023-04-10,5,684.0,434.5706040299307,249.42939597006932
Prophet_flat_calendar,2,2023-04-05,2023-04-11,6,685.0,235.7252688233566,449.2747311766434
Prophet_flat_calendar,2,2023-04-05,2023-04-12,7,241.0,398.37659823699073,-157.37659823699073
Prophet_flat_calendar,2,2023-04-05,2023-04-13,8,574.0,452.0660160100729,121.93398398992713
Prophet_flat_calendar,2,2023-04-05,2023-04-14,9,512.0,523.6065908307913,-11.606590830791333
Prophet_flat_calendar,2,2023-04-05,2023-04-15,10,-7489.799999999988,-7433.805885179015,-55.994114820973664
Prophet_flat_calendar,2,2023-04-05,2023-04-16,11,377.0,428.2252448579852,-51.22524485798522
Prophet_flat_calendar,2,2023-04-05,2023-04-17,12,49.0,426.0202511182006,-377.0202511182006
Prophet_flat_calendar,2,2023-04-05,2023-04-18,13,765.0,227.4682471256785,537.5317528743215
Prophet_flat_calendar,2,2023-04-05,2023-04-19,14,486.0,390.41535113893343,95.58464886106657
Prophet_flat_calendar,2,2023-04-05,2023-04-20,15,687.0,444.40289937234627,242.59710062765373
Prophet_flat_calendar,2,2023-04-05,2023-04-21,16,748.0,516.2438722933204,231.75612770667965
Prophet_flat_calendar,2,2023-04-05,2023-04-22,17,-768.5600000000268,519.5753878306656,-1288.1353878306923
Prophet_flat_calendar,2,2023-04-05,2023-04-23,18,501.0,421.46976922425256,79.53023077574744
Prophet_flat_calendar,2,2023-04-05,2023-04-24,19,331.0,419.5714405946568,-88.57144059465679
Prophet_flat_calendar,2,2023-04-05,2023-04-25,20,450.0,221.32801001940402,228.67198998059598
Prophet_flat_calendar,2,2023-04-05,2023-04-26,21,468.0,384.58550444409207,83.41449555590793
Prophet_flat_calendar,2,2023-04-05,2023-04-27,22,799.0,438.8851682359578,360.1148317640422
Prophet_flat_calendar,2,2023-04-05,2023-04-28,23,67.0,768.8285926000917,-701.8285926000917
Prophet_flat_calendar,2,2023-04-05,2023-04-29,24,406.0,514.6866933220406,-108.68669332204058
Prophet_flat_calendar,2,2023-04-05,2023-04-30,25,560.0,416.89780964441417,143.10219035558583
Prophet_flat_calendar,2,2023-04-05,2023-05-01,26,411.0,575.2199989653361,-164.21999896533612
Prophet_flat_calendar,2,2023-04-05,2023-05-02,27,587.0,217.39348491872022,369.6065150812798
Prophet_flat_calendar,2,2023-04-05,2023-05-03,28,784.0,380.9714902670308,403.0285097329692
Prophet_flat_calendar,2,2023-04-05,2023-05-04,29,410.0,435.5927344266893,-25.592734426689276
Prophet_flat_calendar,2,2023-04-05,2023-05-05,30,1649.5299999999988,508.07001034335315,1141.4599896566456
Prophet_flat_calendar,2,2023-04-05,2023-05-06,31,518.0,512.0402476529111,5.959752347088852
Prophet_flat_calendar,2,2023-04-05,2023-05-07,32,660.0,414.5755805883947,245.4244194116053
Prophet_flat_calendar,2,2023-04-05,2023-05-08,33,-1512.0799999999872,413.32024360258924,-1925.4002436025764
Prophet_flat_calendar,2,2023-04-05,2023-05-09,34,625.0,215.7216544998729,409.2783455001271
Prophet_flat_calendar,2,2023-04-05,2023-05-10,35,754.0,379.6256494087179,374.3743505912821
Prophet_flat_calendar,2,2023-04-05,2023-05-11,36,741.0,434.57328138487924,306.42671861512076
Prophet_flat_calendar,2,2023-04-05,2023-05-12,37,480.0,507.37724679024655,-27.377246790246545
Prophet_flat_calendar,2,2023-04-05,2023-05-13,38,519.0,511.6743785892447,7.325621410755275
Prophet_flat_calendar,2,2023-04-05,2023-05-14,39,614.0,414.5367142797333,199.4632857202667
Prophet_flat_calendar,2,2023-04-05,2023-05-15,40,-7686.940000000002,-7546.833023149881,-140.1069768501211
Prophet_flat_calendar,2,2023-04-05,2023-05-16,41,608.0,216.33673143649827,391.66326856350173
Prophet_flat_calendar,2,2023-04-05,2023-05-17,42,439.0,380.56747332262165,58.43252667737835
Prophet_flat_calendar,2,2023-04-05,2023-05-18,43,680.0,435.8415735763259,244.1584264236741
Prophet_flat_calendar,2,2023-04-05,2023-05-19,44,645.0,508.9716319502886,136.0283680497114
Prophet_flat_calendar,2,2023-04-05,2023-05-20,45,275.0,513.5943849137,-238.59438491369997
Prophet_flat_calendar,2,2023-04-05,2023-05-21,46,497.0,416.7817736082535,80.2182263917465
Prophet_flat_calendar,2,2023-04-05,2023-05-22,47,-213.04000000000815,416.17783953337096,-629.2178395333791
Prophet_flat_calendar,2,2023-04-05,2023-05-23,48,72.0,219.2298077335958,-147.2298077335958
Prophet_flat_calendar,2,2023-04-05,2023-05-24,49,433.0,383.7833218255398,49.216678174460185
Prophet_flat_calendar,2,2023-04-05,2023-05-25,50,552.0,439.37924266355697,112.62075733644303
Prophet_flat_calendar,2,2023-04-05,2023-05-26,51,475.0,512.8300747694088,-37.83007476940884
Prophet_flat_calendar,2,2023-04-05,2023-05-27,52,2183.7700000000186,517.772459688632,1665.9975403113867
Prophet_flat_calendar,2,2023-04-05,2023-05-28,53,686.0,679.0669470797635,6.9330529202364914
Prophet_flat_calendar,2,2023-04-05,2023-05-29,54,105.0,420.9913749232642,-315.9913749232642
Prophet_flat_calendar,2,2023-04-05,2023-05-30,55,636.0,224.35898373957338,411.6410162604266
Prophet_flat_calendar,2,2023-04-05,2023-05-31,56,793.0,389.2266206421218,403.7733793578782
Prophet_flat_calendar,2,2023-04-05,2023-06-01,57,589.0,605.037483635641,-16.037483635641024
Prophet_flat_calendar,2,2023-04-05,2023-06-02,58,463.0,518.8966944498368,-55.89669444983679
Prophet_flat_calendar,2,2023-04-05,2023-06-03,59,709.0,524.1480929724505,184.8519070275495
Prophet_flat_calendar,2,2023-04-05,2023-06-04,60,236.0,427.96100421416327,-191.96100421416327
Prophet_flat_calendar,2,2023-04-05,2023-06-05,61,428.0,427.97928457208826,0.02071542791173897
Prophet_flat_calendar,2,2023-04-05,2023-06-06,62,695.0,231.6499749681766,463.3500250318234
Prophet_flat_calendar,2,2023-04-05,2023-06-07,63,563.0,396.8185359287619,166.1814640712381
Prophet_flat_calendar,2,2023-04-05,2023-06-08,64,-1410.8699999999953,453.02564630512484,-1863.8956463051202
Prophet_flat_calendar,2,2023-04-05,2023-06-09,65,709.0,527.0836297588307,181.91637024116926
Prophet_flat_calendar,2,2023-04-05,2023-06-10,66,510.0,532.6289481705395,-22.628948170539502
Prophet_flat_calendar,2,2023-04-05,2023-06-11,67,468.0,436.73326968013,31.26673031987002
Prophet_flat_calendar,2,2023-04-05,2023-06-12,68,-19098.0,437.0403644507437,-19535.040364450742
Prophet_flat_calendar,2,2023-04-05,2023-06-13,69,626.0,240.99718794058805,385.00281205941195
Prophet_flat_calendar,2,2023-04-05,2023-06-14,70,736.0,406.449116004028,329.550883995972
Prophet_flat_calendar,2,2023-04-05,2023-06-15,71,-7577.370000000024,-7497.50467106017,-79.86532893985441
Prophet_flat_calendar,2,2023-04-05,2023-06-16,72,356.0,537.2723114998568,-181.27231149985676
Prophet_flat_calendar,2,2023-04-05,2023-06-17,73,616.0,543.092199322637,72.90780067736296
Prophet_flat_calendar,2,2023-04-05,2023-06-18,74,503.0,447.4679939990093,55.53200600099069
Prophet_flat_calendar,2,2023-04-05,2023-06-19,75,110.0,448.04338535949074,-338.04338535949074
Prophet_flat_calendar,2,2023-04-05,2023-06-20,76,-379.0,252.26524946732832,-631.2652494673283
Prophet_flat_calendar,2,2023-04-05,2023-06-21,77,501.0,417.9788837487799,83.02111625122012
Prophet_flat_calendar,2,2023-04-05,2023-06-22,78,-729.25,474.7248057580526,-1203.9748057580525
Prophet_flat_calendar,2,2023-04-05,2023-06-23,79,275.0,549.3151797149192,-274.31517971491917
Prophet_flat_calendar,2,2023-04-05,2023-06-24,80,710.0,555.3863099562141,154.61369004378594
Prophet_flat_calendar,2,2023-04-05,2023-06-25,81,411.0,460.00970902547317,-49.00970902547317
Prophet_flat_calendar,2,2023-04-05,2023-06-26,82,615.0,460.82899348387986,154.17100651612014
Prophet_flat_calendar,2,2023-04-05,2023-06-27,83,548.0,265.2909672224593,282.7090327775407
Prophet_flat_calendar,2,2023-04-05,2023-06-28,84,773.0,689.0295597153244,83.97044028467565
Prophet_flat_calendar,2,2023-04-05,2023-06-29,85,599.0,488.21910930486706,110.78089069513294
Prophet_flat_calendar,2,2023-04-05,2023-06-30,86,488.0,563.0378207601212,-75.03782076012124
Prophet_flat_calendar,2,2023-04-05,2023-07-01,87,558.0,729.2356578549626,-171.2356578549626
Prophet_flat_calendar,2,2023-04-05,2023-07-02,88,864.0,474.1767764503327,389.8232235496673
Prophet_flat_calendar,2,2023-04-05,2023-07-03,89,235.0,475.2120182763485,-240.2120182763485
Prophet_flat_calendar,2,2023-04-05,2023-07-04,90,698.0,279.88569321439627,418.11430678560373
Prophet_flat_calendar,3,2023-07-04,2023-07-05,1,781.0,408.02149747125964,372.97850252874036
Prophet_flat_calendar,3,2023-07-04,2023-07-06,2,749.0,422.20136028708134,326.79863971291866
Prophet_flat_calendar,3,2023-07-04,2023-07-07,3,834.0,520.3843016005652,313.6156983994348
Prophet_flat_calendar,3,2023-07-04,2023-07-08,4,-3991.0,499.5769610230767,-4490.576961023076
Prophet_flat_calendar,3,2023-07-04,2023-07-09,5,-1905.2399999999907,443.2987717790746,-2348.5387717790654
Prophet_flat_calendar,3,2023-07-04,2023-07-10,6,581.0,133.96358935144735,447.03641064855265
Prophet_flat_calendar,3,2023-07-04,2023-07-11,7,871.0,279.9413765473794,591.0586234526206
Prophet_flat_calendar,3,2023-07-04,2023-07-12,8,901.0,426.1303390456393,474.8696609543607
Prophet_flat_calendar,3,2023-07-04,2023-07-13,9,344.0,440.61224724546304,-96.61224724546304
Prophet_flat_calendar,3,2023-07-04,2023-07-14,10,410.0,539.0917858657085,-129.09178586570852
Prophet_flat_calendar,3,2023-07-04,2023-07-15,11,-7613.690000000002,-7433.947236150951,-179.7427638490517
Prophet_flat_calendar,3,2023-07-04,2023-07-16,12,973.0,462.5827569916207,510.4172430083793
Prophet_flat_calendar,3,2023-07-04,2023-07-17,13,863.0,153.5273076073023,709.4726923926977
Prophet_flat_calendar,3,2023-07-04,2023-07-18,14,875.0,299.7790386288623,575.2209613711377
Prophet_flat_calendar,3,2023-07-04,2023-07-19,15,848.0,446.2360746683506,401.7639253316494
Prophet_flat_calendar,3,2023-07-04,2023-07-20,16,-154.0,460.98010679950676,-614.9801067995068
Prophet_flat_calendar,3,2023-07-04,2023-07-21,17,515.0,559.7157421734661,-44.71574217346608
Prophet_flat_calendar,3,2023-07-04,2023-07-22,18,-1205.8299999999872,539.4494568504033,-1745.2794568503905
Prophet_flat_calendar,3,2023-07-04,2023-07-23,19,810.0,483.70052394853377,326.29947605146623
Prophet_flat_calendar,3,2023-07-04,2023-07-24,20,-529.0,174.88264233294495,-703.8826423329449
Prophet_flat_calendar,3,2023-07-04,2023-07-25,21,640.0,321.3656217364081,318.6343782635919
Prophet_flat_calendar,3,2023-07-04,2023-07-26,22,595.0,468.0475183403694,126.95248165963062
Prophet_flat_calendar,3,2023-07-04,2023-07-27,23,410.0,483.00995667855796,-73.00995667855796
Prophet_flat_calendar,3,2023-07-04,2023-07-28,24,641.0,848.8368272650127,-207.83682726501274
Prophet_flat_calendar,3,2023-07-04,2023-07-29,25,771.0,561.8964994823316,209.1035005176684
Prophet_flat_calendar,3,2023-07-04,2023-07-30,26,738.0,506.34622967156383,231.65377032843617
Prophet_flat_calendar,3,2023-07-04,2023-07-31,27,913.0,197.72030991888477,715.2796900811152
Prophet_flat_calendar,3,2023-07-04,2023-08-01,28,858.0,511.87219510411427,346.12780489588573
Prophet_flat_calendar,3,2023-07-04,2023-08-02,29,564.0,491.24878074736415,72.75121925263585
Prophet_flat_calendar,3,2023-07-04,2023-08-03,30,502.0,506.3827444502512,-4.382744450251209
Prophet_flat_calendar,3,2023-07-04,2023-08-04,31,875.0,605.4948760249547,269.5051239750453
Prophet_flat_calendar,3,2023-07-04,2023-08-05,32,823.0,585.591540120643,237.408459879357
Prophet_flat_calendar,3,2023-07-04,2023-08-06,33,500.0,530.1919024533297,-30.191902453329703
Prophet_flat_calendar,3,2023-07-04,2023-08-07,34,495.0,221.70955852407718,273.2904414759228
Prophet_flat_calendar,3,2023-07-04,2023-08-08,35,-1900.0599999999977,368.51421877610323,-2268.5742187761007
Prophet_flat_calendar,3,2023-07-04,2023-08-09,36,639.0,515.5038442013704,123.49615579862962
Prophet_flat_calendar,3,2023-07-04,2023-08-10,37,792.0,530.7599682702811,261.2400317297189
Prophet_flat_calendar,3,2023-07-04,2023-08-11,38,926.0,629.9870465983291,296.01295340167087
Prophet_flat_calendar,3,2023-07-04,2023-08-12,39,794.0,610.1914098197551,183.8085901802449
Prophet_flat_calendar,3,2023-07-04,2023-08-13,40,801.0,554.8921917807794,246.1078082192206
Prophet_flat_calendar,3,2023-07-04,2023-08-14,41,561.0,246.50295826709618,314.4970417329038
Prophet_flat_calendar,3,2023-07-04,2023-08-15,42,-7791.25,-7559.12935073053,-232.12064926947005
Prophet_flat_calendar,3,2023-07-04,2023-08-16,43,759.0,540.4614290965525,218.53857090344752
Prophet_flat_calendar,3,2023-07-04,2023-08-17,44,647.0,555.7885793163977,91.21142068360234
Prophet_flat_calendar,3,2023-07-04,2023-08-18,45,809.0,655.0792774270958,153.9207225729042
Prophet_flat_calendar,3,2023-07-04,2023-08-19,46,786.0,635.339835236019,150.66016476398102
Prophet_flat_calendar,3,2023-07-04,2023-08-20,47,-288.0,580.0893699609245,-868.0893699609245
Prophet_flat_calendar,3,2023-07-04,2023-08-21,48,740.0,271.74143296096037,468.25856703903963
Prophet_flat_calendar,3,2023-07-04,2023-08-22,49,-254.18000000002212,418.66569490629803,-672.8456949063202
Prophet_flat_calendar,3,2023-07-04,2023-08-23,50,3469.310000000027,565.7600813953762,2903.5499186046504
Prophet_flat_calendar,3,2023-07-04,2023-08-24,51,714.0,581.1060948986417,132.8939051013583
Prophet_flat_calendar,3,2023-07-04,2023-08-25,52,598.0,680.4081644327814,-82.4081644327814
Prophet_flat_calendar,3,2023-07-04,2023-08-26,53,463.0,660.6725984401195,-197.6725984401195
Prophet_flat_calendar,3,2023-07-04,2023-08-27,54,561.0,605.4185129909908,-44.41851299099085
Prophet_flat_calendar,3,2023-07-04,2023-08-28,55,502.0,563.9388085087835,-61.938808508783495
Prophet_flat_calendar,3,2023-07-04,2023-08-29,56,985.0,443.96511497534857,541.0348850246514
Prophet_flat_calendar,3,2023-07-04,2023-08-30,57,880.0,591.0334074722276,288.9665925277724
Prophet_flat_calendar,3,2023-07-04,2023-08-31,58,828.0,606.3458482002761,221.65415179972388
Prophet_flat_calendar,3,2023-07-04,2023-09-01,59,852.0,873.0905780624964,-21.090578062496434
Prophet_flat_calendar,3,2023-07-04,2023-09-02,60,586.0,685.8228117877875,-99.82281178778749
Prophet_flat_calendar,3,2023-07-04,2023-09-03,61,1108.0,630.5127856566725,477.48721434332754
Prophet_flat_calendar,3,2023-07-04,2023-09-04,62,869.0,322.0903667019111,546.9096332980889
Prophet_flat_calendar,3,2023-07-04,2023-09-05,63,739.0,468.92524763118064,270.07475236881936
Prophet_flat_calendar,3,2023-07-04,2023-09-06,64,871.0,615.9153804955411,255.08461950445894
Prophet_flat_calendar,3,2023-07-04,2023-09-07,65,952.0,631.142298613799,320.85770138620103
Prophet_flat_calendar,3,2023-07-04,2023-09-08,66,-2244.5100000000093,730.3104662447058,-2974.820466244715
Prophet_flat_calendar,3,2023-07-04,2023-09-09,67,1152.0,710.4262314552818,441.5737685447182
Prophet_flat_calendar,3,2023-07-04,2023-09-10,68,813.0,655.008754308428,157.99124569157198
Prophet_flat_calendar,3,2023-07-04,2023-09-11,69,437.0,346.47163558673765,90.52836441326235
Prophet_flat_calendar,3,2023-07-04,2023-09-12,70,814.0,493.18460193973095,320.81539806026905
Prophet_flat_calendar,3,2023-07-04,2023-09-13,71,755.0,640.0456414939604,114.95435850603963
Prophet_flat_calendar,3,2023-07-04,2023-09-14,72,739.0,655.1363257701249,83.86367422987507
Prophet_flat_calendar,3,2023-07-04,2023-09-15,73,-7747.059999999998,-7198.361583559672,-548.6984164403257
Prophet_flat_calendar,3,2023-07-04,2023-09-16,74,915.0,734.1265326861227,180.8734673138773
Prophet_flat_calendar,3,2023-07-04,2023-09-17,75,7425.8399999999965,678.5516503738254,6747.288349626171
Prophet_flat_calendar,3,2023-07-04,2023-09-18,76,758.0,369.8501597654415,388.1498402345585
Prophet_flat_calendar,3,2023-07-04,2023-09-19,77,868.0,516.391836150217,351.60816384978295
Prophet_flat_calendar,3,2023-07-04,2023-09-20,78,744.0,663.0747183422625,80.92528165773751
Prophet_flat_calendar,3,2023-07-04,2023-09-21,79,615.0,677.980430581916,-62.98043058191604
Prophet_flat_calendar,3,2023-07-04,2023-09-22,80,-1373.679999999993,776.813532177218,-2150.493532177211
Prophet_flat_calendar,3,2023-07-04,2023-09-23,81,744.0,756.580470346514,-12.580470346513948
Prophet_flat_calendar,3,2023-07-04,2023-09-24,82,1198.0,700.8005083773971,497.19949162260286
Prophet_flat_calendar,3,2023-07-04,2023-09-25,83,663.0,391.8873543153711,271.1126456846289
Prophet_flat_calendar,3,2023-07-04,2023-09-26,84,857.0,538.2108460873926,318.7891539126074
Prophet_flat_calendar,3,2023-07-04,2023-09-27,85,781.0,684.6690870695776,96.33091293042241
Prophet_flat_calendar,3,2023-07-04,2023-09-28,86,905.0,966.22311597099,-61.223115970989966
Prophet_flat_calendar,3,2023-07-04,2023-09-29,87,1155.8999999999942,797.939516488522,357.96048351147215
Prophet_flat_calendar,3,2023-07-04,2023-09-30,88,745.0,777.462850053767,-32.462850053767056
Prophet_flat_calendar,3,2023-07-04,2023-10-01,89,932.0,888.9168060011168,43.08319399888319
Prophet_flat_calendar,3,2023-07-04,2023-10-02,90,1329.4400000000023,412.2640604326866,917.1759395673157
